Repositorio,Metricas
JavaGuide,"{}
"
hello-algo,"{""header"" : {
  ""cloc_url""           : ""github.com/AlDanial/cloc"",
  ""cloc_version""       : ""2.04"",
  ""elapsed_seconds""    : 61.745836019516,
  ""n_files""            : 3207,
  ""n_lines""            : 248404,
  ""files_per_second""   : 51.9387250499996,
  ""lines_per_second""   : 4023.00812513879},
""Markdown"" :{
  ""nFiles"": 455,
  ""blank"": 12867,
  ""comment"": 924,
  ""code"": 30885},
""Java"" :{
  ""nFiles"": 255,
  ""blank"": 2412,
  ""comment"": 4740,
  ""code"": 12483},
""C++"" :{
  ""nFiles"": 249,
  ""blank"": 2400,
  ""comment"": 4908,
  ""code"": 12024},
""Python"" :{
  ""nFiles"": 258,
  ""blank"": 2901,
  ""comment"": 4994,
  ""code"": 9442},
""Go"" :{
  ""nFiles"": 268,
  ""blank"": 1813,
  ""comment"": 3256,
  ""code"": 9360},
""C"" :{
  ""nFiles"": 149,
  ""blank"": 1676,
  ""comment"": 3301,
  ""code"": 9222},
""Rust"" :{
  ""nFiles"": 175,
  ""blank"": 1539,
  ""comment"": 3345,
  ""code"": 9152},
""Swift"" :{
  ""nFiles"": 175,
  ""blank"": 1368,
  ""comment"": 3308,
  ""code"": 8454},
""C#"" :{
  ""nFiles"": 171,
  ""blank"": 1484,
  ""comment"": 3134,
  ""code"": 8369},
""Kotlin"" :{
  ""nFiles"": 170,
  ""blank"": 1500,
  ""comment"": 3300,
  ""code"": 8042},
""TypeScript"" :{
  ""nFiles"": 166,
  ""blank"": 1422,
  ""comment"": 3246,
  ""code"": 7900},
""Dart"" :{
  ""nFiles"": 169,
  ""blank"": 1392,
  ""comment"": 3300,
  ""code"": 7839},
""JavaScript"" :{
  ""nFiles"": 169,
  ""blank"": 1291,
  ""comment"": 3257,
  ""code"": 7466},
""Ruby"" :{
  ""nFiles"": 169,
  ""blank"": 1656,
  ""comment"": 3274,
  ""code"": 6895},
""Zig"" :{
  ""nFiles"": 102,
  ""blank"": 1191,
  ""comment"": 2011,
  ""code"": 6178},
""C/C++ Header"" :{
  ""nFiles"": 25,
  ""blank"": 406,
  ""comment"": 530,
  ""code"": 2648},
""HTML"" :{
  ""nFiles"": 6,
  ""blank"": 46,
  ""comment"": 65,
  ""code"": 1174},
""YAML"" :{
  ""nFiles"": 19,
  ""blank"": 77,
  ""comment"": 135,
  ""code"": 968},
""CSS"" :{
  ""nFiles"": 1,
  ""blank"": 95,
  ""comment"": 36,
  ""code"": 423},
""TOML"" :{
  ""nFiles"": 1,
  ""blank"": 82,
  ""comment"": 81,
  ""code"": 250},
""CMake"" :{
  ""nFiles"": 30,
  ""blank"": 7,
  ""comment"": 1,
  ""code"": 187},
""INI"" :{
  ""nFiles"": 1,
  ""blank"": 18,
  ""comment"": 0,
  ""code"": 70},
""SVG"" :{
  ""nFiles"": 17,
  ""blank"": 2,
  ""comment"": 0,
  ""code"": 50},
""Dockerfile"" :{
  ""nFiles"": 2,
  ""blank"": 12,
  ""comment"": 3,
  ""code"": 45},
""JSON"" :{
  ""nFiles"": 3,
  ""blank"": 0,
  ""comment"": 0,
  ""code"": 26},
""Visual Studio Solution"" :{
  ""nFiles"": 1,
  ""blank"": 1,
  ""comment"": 1,
  ""code"": 23},
""MSBuild script"" :{
  ""nFiles"": 1,
  ""blank"": 3,
  ""comment"": 0,
  ""code"": 18},
""SUM"": {
  ""blank"": 37661,
  ""comment"": 51150,
  ""code"": 159593,
  ""nFiles"": 3207} }
"
java-design-patterns,"{""header"" : {
  ""cloc_url""           : ""github.com/AlDanial/cloc"",
  ""cloc_version""       : ""2.04"",
  ""elapsed_seconds""    : 64.7987489700317,
  ""n_files""            : 2755,
  ""n_lines""            : 233708,
  ""files_per_second""   : 42.5162529183108,
  ""lines_per_second""   : 3606.67456879585},
""Markdown"" :{
  ""nFiles"": 487,
  ""blank"": 20596,
  ""comment"": 104,
  ""code"": 59012},
""Java"" :{
  ""nFiles"": 1761,
  ""blank"": 12068,
  ""comment"": 60502,
  ""code"": 46054},
""PlantUML"" :{
  ""nFiles"": 195,
  ""blank"": 96,
  ""comment"": 0,
  ""code"": 11856},
""Maven"" :{
  ""nFiles"": 181,
  ""blank"": 1166,
  ""comment"": 3662,
  ""code"": 7692},
""XML"" :{
  ""nFiles"": 86,
  ""blank"": 70,
  ""comment"": 262,
  ""code"": 7637},
""INI"" :{
  ""nFiles"": 1,
  ""blank"": 4,
  ""comment"": 0,
  ""code"": 362},
""JSP"" :{
  ""nFiles"": 8,
  ""blank"": 50,
  ""comment"": 196,
  ""code"": 270},
""Bourne Shell"" :{
  ""nFiles"": 1,
  ""blank"": 34,
  ""comment"": 62,
  ""code"": 220},
""SVG"" :{
  ""nFiles"": 1,
  ""blank"": 53,
  ""comment"": 0,
  ""code"": 206},
""Text"" :{
  ""nFiles"": 3,
  ""blank"": 47,
  ""comment"": 0,
  ""code"": 173},
""DOS Batch"" :{
  ""nFiles"": 1,
  ""blank"": 35,
  ""comment"": 0,
  ""code"": 153},
""YAML"" :{
  ""nFiles"": 7,
  ""blank"": 33,
  ""comment"": 86,
  ""code"": 149},
""HTML"" :{
  ""nFiles"": 5,
  ""blank"": 35,
  ""comment"": 97,
  ""code"": 141},
""Properties"" :{
  ""nFiles"": 15,
  ""blank"": 30,
  ""comment"": 253,
  ""code"": 80},
""CSS"" :{
  ""nFiles"": 2,
  ""blank"": 13,
  ""comment"": 44,
  ""code"": 60},
""JSON"" :{
  ""nFiles"": 1,
  ""blank"": 0,
  ""comment"": 0,
  ""code"": 45},
""SUM"": {
  ""blank"": 34330,
  ""comment"": 65268,
  ""code"": 134110,
  ""nFiles"": 2755} }
"
mall,"{""header"" : {
  ""cloc_url""           : ""github.com/AlDanial/cloc"",
  ""cloc_version""       : ""2.04"",
  ""elapsed_seconds""    : 15.2334411144257,
  ""n_files""            : 672,
  ""n_lines""            : 155494,
  ""files_per_second""   : 44.113473439933,
  ""lines_per_second""   : 10207.4113676621},
""Java"" :{
  ""nFiles"": 526,
  ""blank"": 16824,
  ""comment"": 3050,
  ""code"": 65769},
""XML"" :{
  ""nFiles"": 108,
  ""blank"": 1431,
  ""comment"": 49,
  ""code"": 62220},
""SQL"" :{
  ""nFiles"": 1,
  ""blank"": 157,
  ""comment"": 468,
  ""code"": 2632},
""Markdown"" :{
  ""nFiles"": 9,
  ""blank"": 266,
  ""comment"": 0,
  ""code"": 819},
""Maven"" :{
  ""nFiles"": 8,
  ""blank"": 49,
  ""comment"": 34,
  ""code"": 558},
""JSON"" :{
  ""nFiles"": 2,
  ""blank"": 0,
  ""comment"": 0,
  ""code"": 516},
""YAML"" :{
  ""nFiles"": 12,
  ""blank"": 45,
  ""comment"": 2,
  ""code"": 513},
""Bourne Shell"" :{
  ""nFiles"": 4,
  ""blank"": 0,
  ""comment"": 5,
  ""code"": 73},
""Dockerfile"" :{
  ""nFiles"": 1,
  ""blank"": 0,
  ""comment"": 5,
  ""code"": 5},
""Properties"" :{
  ""nFiles"": 1,
  ""blank"": 0,
  ""comment"": 0,
  ""code"": 4},
""SUM"": {
  ""blank"": 18772,
  ""comment"": 3613,
  ""code"": 133109,
  ""nFiles"": 672} }
"
advanced-java,"{""header"" : {
  ""cloc_url""           : ""github.com/AlDanial/cloc"",
  ""cloc_version""       : ""2.04"",
  ""elapsed_seconds""    : 4.51333594322205,
  ""n_files""            : 104,
  ""n_lines""            : 89089,
  ""files_per_second""   : 23.0428227165725,
  ""lines_per_second""   : 19739.0580095839},
""SVG"" :{
  ""nFiles"": 1,
  ""blank"": 0,
  ""comment"": 1,
  ""code"": 76985},
""Markdown"" :{
  ""nFiles"": 94,
  ""blank"": 3188,
  ""comment"": 2,
  ""code"": 5719},
""JSON"" :{
  ""nFiles"": 3,
  ""blank"": 0,
  ""comment"": 0,
  ""code"": 2894},
""JavaScript"" :{
  ""nFiles"": 2,
  ""blank"": 10,
  ""comment"": 0,
  ""code"": 136},
""YAML"" :{
  ""nFiles"": 3,
  ""blank"": 10,
  ""comment"": 0,
  ""code"": 70},
""HTML"" :{
  ""nFiles"": 1,
  ""blank"": 5,
  ""comment"": 7,
  ""code"": 62},
""SUM"": {
  ""blank"": 3213,
  ""comment"": 10,
  ""code"": 85866,
  ""nFiles"": 104} }
"
LeetCodeAnimation,"{""header"" : {
  ""cloc_url""           : ""github.com/AlDanial/cloc"",
  ""cloc_version""       : ""2.04"",
  ""elapsed_seconds""    : 3.51832509040833,
  ""n_files""            : 193,
  ""n_lines""            : 18216,
  ""files_per_second""   : 54.8556472300293,
  ""lines_per_second""   : 5177.46357483012},
""Markdown"" :{
  ""nFiles"": 175,
  ""blank"": 5257,
  ""comment"": 1,
  ""code"": 12537},
""Java"" :{
  ""nFiles"": 11,
  ""blank"": 22,
  ""comment"": 16,
  ""code"": 265},
""Python"" :{
  ""nFiles"": 5,
  ""blank"": 29,
  ""comment"": 3,
  ""code"": 66},
""C++"" :{
  ""nFiles"": 1,
  ""blank"": 2,
  ""comment"": 0,
  ""code"": 17},
""Text"" :{
  ""nFiles"": 1,
  ""blank"": 0,
  ""comment"": 0,
  ""code"": 1},
""SUM"": {
  ""blank"": 5310,
  ""comment"": 20,
  ""code"": 12886,
  ""nFiles"": 193} }
"
interviews,"{""header"" : {
  ""cloc_url""           : ""github.com/AlDanial/cloc"",
  ""cloc_version""       : ""2.04"",
  ""elapsed_seconds""    : 5.22019696235657,
  ""n_files""            : 341,
  ""n_lines""            : 15985,
  ""files_per_second""   : 65.323205706411,
  ""lines_per_second""   : 3062.1449947712},
""Java"" :{
  ""nFiles"": 334,
  ""blank"": 2773,
  ""comment"": 4446,
  ""code"": 7743},
""Markdown"" :{
  ""nFiles"": 2,
  ""blank"": 140,
  ""comment"": 0,
  ""code"": 828},
""XML"" :{
  ""nFiles"": 5,
  ""blank"": 0,
  ""comment"": 0,
  ""code"": 55},
""SUM"": {
  ""blank"": 2913,
  ""comment"": 4446,
  ""code"": 8626,
  ""nFiles"": 341} }
"
Java,"{""header"" : {
  ""cloc_url""           : ""github.com/AlDanial/cloc"",
  ""cloc_version""       : ""2.04"",
  ""elapsed_seconds""    : 15.768404006958,
  ""n_files""            : 1308,
  ""n_lines""            : 99217,
  ""files_per_second""   : 82.9506904708193,
  ""lines_per_second""   : 6292.13964559883},
""Java"" :{
  ""nFiles"": 1275,
  ""blank"": 12775,
  ""comment"": 22272,
  ""code"": 60690},
""Markdown"" :{
  ""nFiles"": 13,
  ""blank"": 254,
  ""comment"": 8,
  ""code"": 1929},
""YAML"" :{
  ""nFiles"": 13,
  ""blank"": 38,
  ""comment"": 1,
  ""code"": 501},
""XML"" :{
  ""nFiles"": 2,
  ""blank"": 38,
  ""comment"": 87,
  ""code"": 284},
""Maven"" :{
  ""nFiles"": 1,
  ""blank"": 4,
  ""comment"": 0,
  ""code"": 153},
""Properties"" :{
  ""nFiles"": 1,
  ""blank"": 0,
  ""comment"": 0,
  ""code"": 89},
""JSON"" :{
  ""nFiles"": 1,
  ""blank"": 5,
  ""comment"": 0,
  ""code"": 42},
""Dockerfile"" :{
  ""nFiles"": 2,
  ""blank"": 12,
  ""comment"": 10,
  ""code"": 25},
""SUM"": {
  ""blank"": 13126,
  ""comment"": 22378,
  ""code"": 63713,
  ""nFiles"": 1308} }
"
Stirling-PDF,"{""header"" : {
  ""cloc_url""           : ""github.com/AlDanial/cloc"",
  ""cloc_version""       : ""2.04"",
  ""elapsed_seconds""    : 23.6863849163055,
  ""n_files""            : 821,
  ""n_lines""            : 304305,
  ""files_per_second""   : 34.661262277927,
  ""lines_per_second""   : 12847.2538580811},
""JavaScript"" :{
  ""nFiles"": 67,
  ""blank"": 7543,
  ""comment"": 2435,
  ""code"": 109400},
""Properties"" :{
  ""nFiles"": 43,
  ""blank"": 8883,
  ""comment"": 4012,
  ""code"": 42162},
""Freemarker Template"" :{
  ""nFiles"": 111,
  ""blank"": 4360,
  ""comment"": 0,
  ""code"": 31108},
""Text"" :{
  ""nFiles"": 8,
  ""blank"": 354,
  ""comment"": 0,
  ""code"": 26171},
""Java"" :{
  ""nFiles"": 294,
  ""blank"": 4629,
  ""comment"": 1920,
  ""code"": 25092},
""CSS"" :{
  ""nFiles"": 39,
  ""blank"": 1965,
  ""comment"": 213,
  ""code"": 13208},
""HTML"" :{
  ""nFiles"": 92,
  ""blank"": 756,
  ""comment"": 101,
  ""code"": 9307},
""YAML"" :{
  ""nFiles"": 35,
  ""blank"": 348,
  ""comment"": 87,
  ""code"": 2600},
""JSON"" :{
  ""nFiles"": 11,
  ""blank"": 0,
  ""comment"": 0,
  ""code"": 2286},
""Python"" :{
  ""nFiles"": 6,
  ""blank"": 212,
  ""comment"": 203,
  ""code"": 885},
""Markdown"" :{
  ""nFiles"": 10,
  ""blank"": 325,
  ""comment"": 1,
  ""code"": 839},
""Bourne Shell"" :{
  ""nFiles"": 12,
  ""blank"": 178,
  ""comment"": 265,
  ""code"": 748},
""Cucumber"" :{
  ""nFiles"": 3,
  ""blank"": 56,
  ""comment"": 0,
  ""code"": 418},
""Gradle"" :{
  ""nFiles"": 2,
  ""blank"": 79,
  ""comment"": 73,
  ""code"": 327},
""TOML"" :{
  ""nFiles"": 1,
  ""blank"": 37,
  ""comment"": 0,
  ""code"": 231},
""SVG"" :{
  ""nFiles"": 81,
  ""blank"": 0,
  ""comment"": 1,
  ""code"": 169},
""XML"" :{
  ""nFiles"": 3,
  ""blank"": 5,
  ""comment"": 5,
  ""code"": 83},
""Dockerfile"" :{
  ""nFiles"": 1,
  ""blank"": 8,
  ""comment"": 11,
  ""code"": 81},
""DOS Batch"" :{
  ""nFiles"": 1,
  ""blank"": 21,
  ""comment"": 2,
  ""code"": 71},
""INI"" :{
  ""nFiles"": 1,
  ""blank"": 7,
  ""comment"": 0,
  ""code"": 24},
""SUM"": {
  ""blank"": 29766,
  ""comment"": 9329,
  ""code"": 265210,
  ""nFiles"": 821} }
"
guava,"{""header"" : {
  ""cloc_url""           : ""github.com/AlDanial/cloc"",
  ""cloc_version""       : ""2.04"",
  ""elapsed_seconds""    : 78.520898103714,
  ""n_files""            : 2016,
  ""n_lines""            : 671842,
  ""files_per_second""   : 25.6746935998768,
  ""lines_per_second""   : 8556.21899678988},
""Java"" :{
  ""nFiles"": 1943,
  ""blank"": 60217,
  ""comment"": 133034,
  ""code"": 350073},
""Text"" :{
  ""nFiles"": 7,
  ""blank"": 878,
  ""comment"": 0,
  ""code"": 120875},
""Maven"" :{
  ""nFiles"": 14,
  ""blank"": 39,
  ""comment"": 226,
  ""code"": 2814},
""YAML"" :{
  ""nFiles"": 7,
  ""blank"": 71,
  ""comment"": 61,
  ""code"": 464},
""CSS"" :{
  ""nFiles"": 1,
  ""blank"": 3,
  ""comment"": 39,
  ""code"": 449},
""Bourne Shell"" :{
  ""nFiles"": 6,
  ""blank"": 81,
  ""comment"": 200,
  ""code"": 389},
""JSON"" :{
  ""nFiles"": 1,
  ""blank"": 0,
  ""comment"": 0,
  ""code"": 283},
""DOS Batch"" :{
  ""nFiles"": 2,
  ""blank"": 57,
  ""comment"": 2,
  ""code"": 239},
""Gradle"" :{
  ""nFiles"": 2,
  ""blank"": 27,
  ""comment"": 15,
  ""code"": 203},
""Markdown"" :{
  ""nFiles"": 5,
  ""blank"": 72,
  ""comment"": 12,
  ""code"": 201},
""XML"" :{
  ""nFiles"": 16,
  ""blank"": 107,
  ""comment"": 302,
  ""code"": 194},
""ProGuard"" :{
  ""nFiles"": 7,
  ""blank"": 10,
  ""comment"": 40,
  ""code"": 97},
""JavaScript"" :{
  ""nFiles"": 2,
  ""blank"": 4,
  ""comment"": 13,
  ""code"": 12},
""Properties"" :{
  ""nFiles"": 2,
  ""blank"": 0,
  ""comment"": 16,
  ""code"": 12},
""HTML"" :{
  ""nFiles"": 1,
  ""blank"": 3,
  ""comment"": 0,
  ""code"": 8},
""SUM"": {
  ""blank"": 61569,
  ""comment"": 133960,
  ""code"": 476313,
  ""nFiles"": 2016} }
"
RxJava,"{""header"" : {
  ""cloc_url""           : ""github.com/AlDanial/cloc"",
  ""cloc_version""       : ""2.04"",
  ""elapsed_seconds""    : 63.3864269256592,
  ""n_files""            : 1952,
  ""n_lines""            : 486683,
  ""files_per_second""   : 30.7952363727544,
  ""lines_per_second""   : 7678.03177438588},
""Java"" :{
  ""nFiles"": 1884,
  ""blank"": 78112,
  ""comment"": 80505,
  ""code"": 315482},
""Markdown"" :{
  ""nFiles"": 45,
  ""blank"": 2806,
  ""comment"": 0,
  ""code"": 7683},
""CSS"" :{
  ""nFiles"": 1,
  ""blank"": 9,
  ""comment"": 32,
  ""code"": 532},
""YAML"" :{
  ""nFiles"": 10,
  ""blank"": 52,
  ""comment"": 151,
  ""code"": 270},
""XML"" :{
  ""nFiles"": 3,
  ""blank"": 9,
  ""comment"": 1,
  ""code"": 253},
""Gradle"" :{
  ""nFiles"": 3,
  ""blank"": 56,
  ""comment"": 33,
  ""code"": 208},
""Bourne Shell"" :{
  ""nFiles"": 2,
  ""blank"": 55,
  ""comment"": 161,
  ""code"": 150},
""DOS Batch"" :{
  ""nFiles"": 1,
  ""blank"": 21,
  ""comment"": 2,
  ""code"": 69},
""Properties"" :{
  ""nFiles"": 2,
  ""blank"": 5,
  ""comment"": 0,
  ""code"": 25},
""IDL"" :{
  ""nFiles"": 1,
  ""blank"": 0,
  ""comment"": 0,
  ""code"": 1},
""SUM"": {
  ""blank"": 81125,
  ""comment"": 80885,
  ""code"": 324673,
  ""nFiles"": 1952} }
"
jadx,"{""header"" : {
  ""cloc_url""           : ""github.com/AlDanial/cloc"",
  ""cloc_version""       : ""2.04"",
  ""elapsed_seconds""    : 50.2491519451141,
  ""n_files""            : 1966,
  ""n_lines""            : 202503,
  ""files_per_second""   : 39.125038411542,
  ""lines_per_second""   : 4029.97846055569},
""Java"" :{
  ""nFiles"": 1694,
  ""blank"": 22945,
  ""comment"": 6017,
  ""code"": 131477},
""Text"" :{
  ""nFiles"": 3,
  ""blank"": 2,
  ""comment"": 0,
  ""code"": 15961},
""XML"" :{
  ""nFiles"": 12,
  ""blank"": 1162,
  ""comment"": 8286,
  ""code"": 5513},
""Kotlin"" :{
  ""nFiles"": 81,
  ""blank"": 568,
  ""comment"": 163,
  ""code"": 3251},
""Properties"" :{
  ""nFiles"": 11,
  ""blank"": 353,
  ""comment"": 748,
  ""code"": 3144},
""Gradle"" :{
  ""nFiles"": 27,
  ""blank"": 150,
  ""comment"": 40,
  ""code"": 791},
""SVG"" :{
  ""nFiles"": 112,
  ""blank"": 0,
  ""comment"": 84,
  ""code"": 659},
""Markdown"" :{
  ""nFiles"": 11,
  ""blank"": 87,
  ""comment"": 0,
  ""code"": 327},
""YAML"" :{
  ""nFiles"": 11,
  ""blank"": 48,
  ""comment"": 8,
  ""code"": 322},
""Bourne Shell"" :{
  ""nFiles"": 1,
  ""blank"": 28,
  ""comment"": 118,
  ""code"": 105},
""DOS Batch"" :{
  ""nFiles"": 1,
  ""blank"": 21,
  ""comment"": 2,
  ""code"": 71},
""INI"" :{
  ""nFiles"": 1,
  ""blank"": 7,
  ""comment"": 0,
  ""code"": 25},
""TOML"" :{
  ""nFiles"": 1,
  ""blank"": 3,
  ""comment"": 1,
  ""code"": 16},
""SUM"": {
  ""blank"": 25374,
  ""comment"": 15467,
  ""code"": 161662,
  ""nFiles"": 1966} }
"
termux-app,"{""header"" : {
  ""cloc_url""           : ""github.com/AlDanial/cloc"",
  ""cloc_version""       : ""2.04"",
  ""elapsed_seconds""    : 8.18978404998779,
  ""n_files""            : 309,
  ""n_lines""            : 49413,
  ""files_per_second""   : 37.7299325737973,
  ""lines_per_second""   : 6033.49242158267},
""Java"" :{
  ""nFiles"": 197,
  ""blank"": 7373,
  ""comment"": 10617,
  ""code"": 26877},
""XML"" :{
  ""nFiles"": 64,
  ""blank"": 363,
  ""comment"": 188,
  ""code"": 1389},
""C++"" :{
  ""nFiles"": 1,
  ""blank"": 102,
  ""comment"": 48,
  ""code"": 453},
""Gradle"" :{
  ""nFiles"": 6,
  ""blank"": 68,
  ""comment"": 18,
  ""code"": 392},
""YAML"" :{
  ""nFiles"": 11,
  ""blank"": 38,
  ""comment"": 3,
  ""code"": 311},
""Bourne Shell"" :{
  ""nFiles"": 7,
  ""blank"": 50,
  ""comment"": 42,
  ""code"": 222},
""C"" :{
  ""nFiles"": 2,
  ""blank"": 26,
  ""comment"": 6,
  ""code"": 197},
""Markdown"" :{
  ""nFiles"": 4,
  ""blank"": 119,
  ""comment"": 1,
  ""code"": 187},
""DOS Batch"" :{
  ""nFiles"": 1,
  ""blank"": 21,
  ""comment"": 2,
  ""code"": 66},
""SVG"" :{
  ""nFiles"": 3,
  ""blank"": 9,
  ""comment"": 25,
  ""code"": 45},
""Properties"" :{
  ""nFiles"": 2,
  ""blank"": 3,
  ""comment"": 14,
  ""code"": 17},
""make"" :{
  ""nFiles"": 4,
  ""blank"": 0,
  ""comment"": 0,
  ""code"": 17},
""INI"" :{
  ""nFiles"": 1,
  ""blank"": 4,
  ""comment"": 0,
  ""code"": 16},
""Assembly"" :{
  ""nFiles"": 1,
  ""blank"": 0,
  ""comment"": 7,
  ""code"": 11},
""Text"" :{
  ""nFiles"": 2,
  ""blank"": 3,
  ""comment"": 0,
  ""code"": 11},
""ProGuard"" :{
  ""nFiles"": 3,
  ""blank"": 7,
  ""comment"": 42,
  ""code"": 3},
""SUM"": {
  ""blank"": 8186,
  ""comment"": 11013,
  ""code"": 30214,
  ""nFiles"": 309} }
"
MPAndroidChart,"{""header"" : {
  ""cloc_url""           : ""github.com/AlDanial/cloc"",
  ""cloc_version""       : ""2.04"",
  ""elapsed_seconds""    : 10.1035988330841,
  ""n_files""            : 307,
  ""n_lines""            : 60710,
  ""files_per_second""   : 30.3852127416948,
  ""lines_per_second""   : 6008.7500506459},
""Java"" :{
  ""nFiles"": 223,
  ""blank"": 8626,
  ""comment"": 9014,
  ""code"": 25232},
""Text"" :{
  ""nFiles"": 10,
  ""blank"": 0,
  ""comment"": 0,
  ""code"": 15299},
""XML"" :{
  ""nFiles"": 56,
  ""blank"": 151,
  ""comment"": 12,
  ""code"": 1468},
""Markdown"" :{
  ""nFiles"": 7,
  ""blank"": 137,
  ""comment"": 62,
  ""code"": 227},
""Bourne Again Shell"" :{
  ""nFiles"": 1,
  ""blank"": 19,
  ""comment"": 20,
  ""code"": 121},
""Gradle"" :{
  ""nFiles"": 4,
  ""blank"": 13,
  ""comment"": 3,
  ""code"": 85},
""DOS Batch"" :{
  ""nFiles"": 1,
  ""blank"": 24,
  ""comment"": 2,
  ""code"": 64},
""Maven"" :{
  ""nFiles"": 1,
  ""blank"": 12,
  ""comment"": 17,
  ""code"": 60},
""YAML"" :{
  ""nFiles"": 1,
  ""blank"": 1,
  ""comment"": 1,
  ""code"": 10},
""Properties"" :{
  ""nFiles"": 2,
  ""blank"": 0,
  ""comment"": 1,
  ""code"": 8},
""ProGuard"" :{
  ""nFiles"": 1,
  ""blank"": 3,
  ""comment"": 18,
  ""code"": 0},
""SUM"": {
  ""blank"": 8986,
  ""comment"": 9150,
  ""code"": 42574,
  ""nFiles"": 307} }
"
hello-algorithm,"{""header"" : {
  ""cloc_url""           : ""github.com/AlDanial/cloc"",
  ""cloc_version""       : ""2.04"",
  ""elapsed_seconds""    : 14.9581489562988,
  ""n_files""            : 310,
  ""n_lines""            : 30991,
  ""files_per_second""   : 20.7244894341997,
  ""lines_per_second""   : 2071.84726469446},
""Markdown"" :{
  ""nFiles"": 236,
  ""blank"": 7966,
  ""comment"": 29,
  ""code"": 19747},
""Java"" :{
  ""nFiles"": 73,
  ""blank"": 353,
  ""comment"": 969,
  ""code"": 1845},
""XML"" :{
  ""nFiles"": 1,
  ""blank"": 0,
  ""comment"": 0,
  ""code"": 82},
""SUM"": {
  ""blank"": 8319,
  ""comment"": 998,
  ""code"": 21674,
  ""nFiles"": 310} }
"
lottie-android,"{""header"" : {
  ""cloc_url""           : ""github.com/AlDanial/cloc"",
  ""cloc_version""       : ""2.04"",
  ""elapsed_seconds""    : 33.6665101051331,
  ""n_files""            : 1040,
  ""n_lines""            : 120314,
  ""files_per_second""   : 30.891232763726,
  ""lines_per_second""   : 3573.69978724513},
""JSON"" :{
  ""nFiles"": 424,
  ""blank"": 11,
  ""comment"": 0,
  ""code"": 71103},
""Java"" :{
  ""nFiles"": 233,
  ""blank"": 3498,
  ""comment"": 3697,
  ""code"": 19767},
""Kotlin"" :{
  ""nFiles"": 154,
  ""blank"": 1312,
  ""comment"": 681,
  ""code"": 10800},
""XML"" :{
  ""nFiles"": 180,
  ""blank"": 330,
  ""comment"": 24,
  ""code"": 4755},
""Text"" :{
  ""nFiles"": 3,
  ""blank"": 0,
  ""comment"": 0,
  ""code"": 1260},
""Markdown"" :{
  ""nFiles"": 9,
  ""blank"": 228,
  ""comment"": 0,
  ""code"": 944},
""Gradle"" :{
  ""nFiles"": 12,
  ""blank"": 75,
  ""comment"": 13,
  ""code"": 604},
""YAML"" :{
  ""nFiles"": 3,
  ""blank"": 5,
  ""comment"": 0,
  ""code"": 181},
""Bourne Shell"" :{
  ""nFiles"": 6,
  ""blank"": 42,
  ""comment"": 116,
  ""code"": 150},
""Properties"" :{
  ""nFiles"": 5,
  ""blank"": 62,
  ""comment"": 268,
  ""code"": 94},
""SVG"" :{
  ""nFiles"": 5,
  ""blank"": 0,
  ""comment"": 2,
  ""code"": 73},
""DOS Batch"" :{
  ""nFiles"": 1,
  ""blank"": 21,
  ""comment"": 2,
  ""code"": 66},
""TOML"" :{
  ""nFiles"": 1,
  ""blank"": 2,
  ""comment"": 2,
  ""code"": 64},
""JavaScript"" :{
  ""nFiles"": 1,
  ""blank"": 6,
  ""comment"": 0,
  ""code"": 29},
""INI"" :{
  ""nFiles"": 1,
  ""blank"": 3,
  ""comment"": 0,
  ""code"": 16},
""ProGuard"" :{
  ""nFiles"": 2,
  ""blank"": 0,
  ""comment"": 1,
  ""code"": 7},
""SUM"": {
  ""blank"": 5595,
  ""comment"": 4806,
  ""code"": 109913,
  ""nFiles"": 1040} }
"
halo,"{""header"" : {
  ""cloc_url""           : ""github.com/AlDanial/cloc"",
  ""cloc_version""       : ""2.04"",
  ""elapsed_seconds""    : 67.6857979297638,
  ""n_files""            : 2450,
  ""n_lines""            : 330982,
  ""files_per_second""   : 36.1966627407173,
  ""lines_per_second""   : 4889.97707234616},
""Java"" :{
  ""nFiles"": 1159,
  ""blank"": 14118,
  ""comment"": 9777,
  ""code"": 81275},
""JSON"" :{
  ""nFiles"": 28,
  ""blank"": 5,
  ""comment"": 0,
  ""code"": 54060},
""TypeScript"" :{
  ""nFiles"": 683,
  ""blank"": 7990,
  ""comment"": 35170,
  ""code"": 40630},
""Vuejs Component"" :{
  ""nFiles"": 293,
  ""blank"": 3545,
  ""comment"": 1188,
  ""code"": 38885},
""YAML"" :{
  ""nFiles"": 78,
  ""blank"": 4683,
  ""comment"": 39,
  ""code"": 29362},
""Markdown"" :{
  ""nFiles"": 36,
  ""blank"": 878,
  ""comment"": 38,
  ""code"": 3544},
""HTML"" :{
  ""nFiles"": 25,
  ""blank"": 82,
  ""comment"": 0,
  ""code"": 1092},
""JavaScript"" :{
  ""nFiles"": 15,
  ""blank"": 89,
  ""comment"": 66,
  ""code"": 591},
""INI"" :{
  ""nFiles"": 2,
  ""blank"": 12,
  ""comment"": 0,
  ""code"": 513},
""SCSS"" :{
  ""nFiles"": 10,
  ""blank"": 81,
  ""comment"": 0,
  ""code"": 505},
""Properties"" :{
  ""nFiles"": 75,
  ""blank"": 27,
  ""comment"": 7,
  ""code"": 469},
""Gradle"" :{
  ""nFiles"": 9,
  ""blank"": 76,
  ""comment"": 10,
  ""code"": 449},
""CSS"" :{
  ""nFiles"": 6,
  ""blank"": 63,
  ""comment"": 3,
  ""code"": 421},
""Bourne Shell"" :{
  ""nFiles"": 5,
  ""blank"": 81,
  ""comment"": 149,
  ""code"": 350},
""XML"" :{
  ""nFiles"": 1,
  ""blank"": 10,
  ""comment"": 18,
  ""code"": 337},
""SVG"" :{
  ""nFiles"": 14,
  ""blank"": 0,
  ""comment"": 0,
  ""code"": 103},
""DOS Batch"" :{
  ""nFiles"": 1,
  ""blank"": 21,
  ""comment"": 2,
  ""code"": 71},
""make"" :{
  ""nFiles"": 2,
  ""blank"": 9,
  ""comment"": 0,
  ""code"": 25},
""Dockerfile"" :{
  ""nFiles"": 2,
  ""blank"": 7,
  ""comment"": 1,
  ""code"": 24},
""SQL"" :{
  ""nFiles"": 3,
  ""blank"": 0,
  ""comment"": 0,
  ""code"": 21},
""Text"" :{
  ""nFiles"": 3,
  ""blank"": 0,
  ""comment"": 0,
  ""code"": 10},
""SUM"": {
  ""blank"": 31777,
  ""comment"": 46468,
  ""code"": 252737,
  ""nFiles"": 2450} }

One or more files took longer to process than expected.
Try rerunning without timeout guards by adding  --timeout 0
to your command line arguments.  See the documentation on
the --timeout switch for more information.

"
netty,"{""header"" : {
  ""cloc_url""           : ""github.com/AlDanial/cloc"",
  ""cloc_version""       : ""2.04"",
  ""elapsed_seconds""    : 86.7234649658203,
  ""n_files""            : 3145,
  ""n_lines""            : 548235,
  ""files_per_second""   : 36.2646949270248,
  ""lines_per_second""   : 6321.64547641255},
""Java"" :{
  ""nFiles"": 2929,
  ""blank"": 63756,
  ""comment"": 114589,
  ""code"": 341357},
""Maven"" :{
  ""nFiles"": 47,
  ""blank"": 436,
  ""comment"": 1211,
  ""code"": 8531},
""C"" :{
  ""nFiles"": 13,
  ""blank"": 741,
  ""comment"": 521,
  ""code"": 4185},
""JSON"" :{
  ""nFiles"": 38,
  ""blank"": 3,
  ""comment"": 0,
  ""code"": 3128},
""Text"" :{
  ""nFiles"": 31,
  ""blank"": 286,
  ""comment"": 0,
  ""code"": 2795},
""YAML"" :{
  ""nFiles"": 18,
  ""blank"": 286,
  ""comment"": 224,
  ""code"": 1337},
""XML"" :{
  ""nFiles"": 11,
  ""blank"": 53,
  ""comment"": 116,
  ""code"": 913},
""CSS"" :{
  ""nFiles"": 3,
  ""blank"": 0,
  ""comment"": 0,
  ""code"": 616},
""Bourne Shell"" :{
  ""nFiles"": 14,
  ""blank"": 97,
  ""comment"": 264,
  ""code"": 533},
""HTML"" :{
  ""nFiles"": 3,
  ""blank"": 17,
  ""comment"": 5,
  ""code"": 515},
""JavaScript"" :{
  ""nFiles"": 1,
  ""blank"": 34,
  ""comment"": 5,
  ""code"": 459},
""C/C++ Header"" :{
  ""nFiles"": 13,
  ""blank"": 53,
  ""comment"": 254,
  ""code"": 177},
""DOS Batch"" :{
  ""nFiles"": 1,
  ""blank"": 36,
  ""comment"": 0,
  ""code"": 169},
""Markdown"" :{
  ""nFiles"": 8,
  ""blank"": 56,
  ""comment"": 0,
  ""code"": 124},
""Protocol Buffers"" :{
  ""nFiles"": 1,
  ""blank"": 8,
  ""comment"": 22,
  ""code"": 43},
""Groovy"" :{
  ""nFiles"": 1,
  ""blank"": 4,
  ""comment"": 0,
  ""code"": 38},
""Properties"" :{
  ""nFiles"": 10,
  ""blank"": 9,
  ""comment"": 133,
  ""code"": 24},
""make"" :{
  ""nFiles"": 1,
  ""blank"": 13,
  ""comment"": 23,
  ""code"": 22},
""Dockerfile"" :{
  ""nFiles"": 2,
  ""blank"": 0,
  ""comment"": 3,
  ""code"": 11},
""SUM"": {
  ""blank"": 65888,
  ""comment"": 117370,
  ""code"": 364977,
  ""nFiles"": 3145} }
"
AndroidUtilCode,"{""header"" : {
  ""cloc_url""           : ""github.com/AlDanial/cloc"",
  ""cloc_version""       : ""2.04"",
  ""elapsed_seconds""    : 14.1041009426117,
  ""n_files""            : 600,
  ""n_lines""            : 83697,
  ""files_per_second""   : 42.5408186201549,
  ""lines_per_second""   : 5934.23149341851},
""Java"" :{
  ""nFiles"": 275,
  ""blank"": 6934,
  ""comment"": 18093,
  ""code"": 39223},
""Kotlin"" :{
  ""nFiles"": 80,
  ""blank"": 756,
  ""comment"": 642,
  ""code"": 5434},
""Markdown"" :{
  ""nFiles"": 17,
  ""blank"": 732,
  ""comment"": 30,
  ""code"": 4495},
""XML"" :{
  ""nFiles"": 161,
  ""blank"": 509,
  ""comment"": 66,
  ""code"": 3850},
""Groovy"" :{
  ""nFiles"": 26,
  ""blank"": 227,
  ""comment"": 60,
  ""code"": 1224},
""Gradle"" :{
  ""nFiles"": 22,
  ""blank"": 114,
  ""comment"": 98,
  ""code"": 674},
""Bourne Shell"" :{
  ""nFiles"": 4,
  ""blank"": 31,
  ""comment"": 41,
  ""code"": 179},
""DOS Batch"" :{
  ""nFiles"": 1,
  ""blank"": 24,
  ""comment"": 2,
  ""code"": 74},
""JSON"" :{
  ""nFiles"": 1,
  ""blank"": 0,
  ""comment"": 0,
  ""code"": 30},
""YAML"" :{
  ""nFiles"": 2,
  ""blank"": 5,
  ""comment"": 1,
  ""code"": 23},
""Properties"" :{
  ""nFiles"": 3,
  ""blank"": 3,
  ""comment"": 18,
  ""code"": 15},
""Text"" :{
  ""nFiles"": 5,
  ""blank"": 0,
  ""comment"": 0,
  ""code"": 12},
""ProGuard"" :{
  ""nFiles"": 3,
  ""blank"": 13,
  ""comment"": 56,
  ""code"": 9},
""SUM"": {
  ""blank"": 9348,
  ""comment"": 19107,
  ""code"": 55242,
  ""nFiles"": 600} }
"
spring-boot-demo,"{""header"" : {
  ""cloc_url""           : ""github.com/AlDanial/cloc"",
  ""cloc_version""       : ""2.04"",
  ""elapsed_seconds""    : 19.8819599151611,
  ""n_files""            : 783,
  ""n_lines""            : 60603,
  ""files_per_second""   : 39.3824353001998,
  ""lines_per_second""   : 3048.14013601279},
""Markdown"" :{
  ""nFiles"": 69,
  ""blank"": 2929,
  ""comment"": 95,
  ""code"": 14912},
""Java"" :{
  ""nFiles"": 484,
  ""blank"": 3082,
  ""comment"": 7427,
  ""code"": 11960},
""CSS"" :{
  ""nFiles"": 2,
  ""blank"": 794,
  ""comment"": 16,
  ""code"": 4174},
""Maven"" :{
  ""nFiles"": 70,
  ""blank"": 774,
  ""comment"": 61,
  ""code"": 3991},
""SQL"" :{
  ""nFiles"": 38,
  ""blank"": 455,
  ""comment"": 247,
  ""code"": 3906},
""HTML"" :{
  ""nFiles"": 23,
  ""blank"": 87,
  ""comment"": 12,
  ""code"": 1659},
""YAML"" :{
  ""nFiles"": 59,
  ""blank"": 11,
  ""comment"": 139,
  ""code"": 1007},
""SVG"" :{
  ""nFiles"": 1,
  ""blank"": 0,
  ""comment"": 0,
  ""code"": 870},
""JavaScript"" :{
  ""nFiles"": 9,
  ""blank"": 43,
  ""comment"": 90,
  ""code"": 610},
""XML"" :{
  ""nFiles"": 8,
  ""blank"": 22,
  ""comment"": 76,
  ""code"": 347},
""Velocity Template Language"" :{
  ""nFiles"": 7,
  ""blank"": 24,
  ""comment"": 0,
  ""code"": 248},
""AsciiDoc"" :{
  ""nFiles"": 2,
  ""blank"": 73,
  ""comment"": 14,
  ""code"": 245},
""Properties"" :{
  ""nFiles"": 3,
  ""blank"": 0,
  ""comment"": 17,
  ""code"": 54},
""JSON"" :{
  ""nFiles"": 1,
  ""blank"": 0,
  ""comment"": 0,
  ""code"": 34},
""Freemarker Template"" :{
  ""nFiles"": 3,
  ""blank"": 0,
  ""comment"": 0,
  ""code"": 29},
""Lua"" :{
  ""nFiles"": 1,
  ""blank"": 3,
  ""comment"": 9,
  ""code"": 15},
""INI"" :{
  ""nFiles"": 1,
  ""blank"": 2,
  ""comment"": 0,
  ""code"": 11},
""Text"" :{
  ""nFiles"": 1,
  ""blank"": 0,
  ""comment"": 0,
  ""code"": 9},
""Dockerfile"" :{
  ""nFiles"": 1,
  ""blank"": 6,
  ""comment"": 7,
  ""code"": 7},
""SUM"": {
  ""blank"": 8305,
  ""comment"": 8210,
  ""code"": 44088,
  ""nFiles"": 783} }
"
leetcode,"{""header"" : {
  ""cloc_url""           : ""github.com/AlDanial/cloc"",
  ""cloc_version""       : ""2.04"",
  ""elapsed_seconds""    : 551.506014823914,
  ""n_files""            : 29156,
  ""n_lines""            : 2487337,
  ""files_per_second""   : 52.8661505338414,
  ""lines_per_second""   : 4510.08136474117},
""Markdown"" :{
  ""nFiles"": 7518,
  ""blank"": 353312,
  ""comment"": 65954,
  ""code"": 1503507},
""Java"" :{
  ""nFiles"": 3858,
  ""blank"": 3745,
  ""comment"": 5974,
  ""code"": 92864},
""C++"" :{
  ""nFiles"": 3777,
  ""blank"": 2517,
  ""comment"": 5052,
  ""code"": 87474},
""Go"" :{
  ""nFiles"": 3738,
  ""blank"": 2583,
  ""comment"": 3702,
  ""code"": 83434},
""TypeScript"" :{
  ""nFiles"": 2974,
  ""blank"": 3776,
  ""comment"": 5906,
  ""code"": 66912},
""Python"" :{
  ""nFiles"": 3934,
  ""blank"": 3493,
  ""comment"": 3650,
  ""code"": 58891},
""SVG"" :{
  ""nFiles"": 9,
  ""blank"": 0,
  ""comment"": 5,
  ""code"": 33854},
""Rust"" :{
  ""nFiles"": 1087,
  ""blank"": 1510,
  ""comment"": 2519,
  ""code"": 22778},
""JSON"" :{
  ""nFiles"": 7,
  ""blank"": 0,
  ""comment"": 0,
  ""code"": 22318},
""JavaScript"" :{
  ""nFiles"": 746,
  ""blank"": 551,
  ""comment"": 4311,
  ""code"": 12608},
""C#"" :{
  ""nFiles"": 440,
  ""blank"": 520,
  ""comment"": 981,
  ""code"": 9961},
""Swift"" :{
  ""nFiles"": 345,
  ""blank"": 1102,
  ""comment"": 1062,
  ""code"": 8107},
""SQL"" :{
  ""nFiles"": 360,
  ""blank"": 3,
  ""comment"": 1,
  ""code"": 4814},
""C"" :{
  ""nFiles"": 174,
  ""blank"": 97,
  ""comment"": 255,
  ""code"": 2506},
""PHP"" :{
  ""nFiles"": 130,
  ""blank"": 157,
  ""comment"": 679,
  ""code"": 2214},
""YAML"" :{
  ""nFiles"": 10,
  ""blank"": 62,
  ""comment"": 29,
  ""code"": 626},
""Kotlin"" :{
  ""nFiles"": 20,
  ""blank"": 37,
  ""comment"": 8,
  ""code"": 423},
""Ruby"" :{
  ""nFiles"": 12,
  ""blank"": 12,
  ""comment"": 78,
  ""code"": 196},
""Nim"" :{
  ""nFiles"": 4,
  ""blank"": 17,
  ""comment"": 16,
  ""code"": 51},
""Scala"" :{
  ""nFiles"": 3,
  ""blank"": 1,
  ""comment"": 0,
  ""code"": 38},
""Bourne Shell"" :{
  ""nFiles"": 6,
  ""blank"": 2,
  ""comment"": 4,
  ""code"": 22},
""INI"" :{
  ""nFiles"": 1,
  ""blank"": 5,
  ""comment"": 0,
  ""code"": 17},
""Dart"" :{
  ""nFiles"": 1,
  ""blank"": 0,
  ""comment"": 0,
  ""code"": 12},
""Dockerfile"" :{
  ""nFiles"": 1,
  ""blank"": 6,
  ""comment"": 7,
  ""code"": 7},
""Text"" :{
  ""nFiles"": 1,
  ""blank"": 0,
  ""comment"": 0,
  ""code"": 2},
""SUM"": {
  ""blank"": 373508,
  ""comment"": 100193,
  ""code"": 2013636,
  ""nFiles"": 29156} }
"
easyexcel,"{""header"" : {
  ""cloc_url""           : ""github.com/AlDanial/cloc"",
  ""cloc_version""       : ""2.04"",
  ""elapsed_seconds""    : 15.4889781475067,
  ""n_files""            : 569,
  ""n_lines""            : 46239,
  ""files_per_second""   : 36.7357997784762,
  ""lines_per_second""   : 2985.28408779782},
""Java"" :{
  ""nFiles"": 533,
  ""blank"": 5452,
  ""comment"": 10113,
  ""code"": 27625},
""Markdown"" :{
  ""nFiles"": 16,
  ""blank"": 211,
  ""comment"": 0,
  ""code"": 797},
""Maven"" :{
  ""nFiles"": 5,
  ""blank"": 46,
  ""comment"": 6,
  ""code"": 568},
""XML"" :{
  ""nFiles"": 3,
  ""blank"": 75,
  ""comment"": 115,
  ""code"": 519},
""Bourne Shell"" :{
  ""nFiles"": 1,
  ""blank"": 34,
  ""comment"": 62,
  ""code"": 220},
""DOS Batch"" :{
  ""nFiles"": 1,
  ""blank"": 35,
  ""comment"": 0,
  ""code"": 153},
""YAML"" :{
  ""nFiles"": 3,
  ""blank"": 10,
  ""comment"": 37,
  ""code"": 91},
""CSV"" :{
  ""nFiles"": 5,
  ""blank"": 0,
  ""comment"": 0,
  ""code"": 37},
""INI"" :{
  ""nFiles"": 1,
  ""blank"": 1,
  ""comment"": 0,
  ""code"": 14},
""Properties"" :{
  ""nFiles"": 1,
  ""blank"": 0,
  ""comment"": 16,
  ""code"": 2},
""SUM"": {
  ""blank"": 5864,
  ""comment"": 10349,
  ""code"": 30026,
  ""nFiles"": 569} }
"
NewPipe,"{""header"" : {
  ""cloc_url""           : ""github.com/AlDanial/cloc"",
  ""cloc_version""       : ""2.04"",
  ""elapsed_seconds""    : 53.2616629600525,
  ""n_files""            : 3316,
  ""n_lines""            : 192422,
  ""files_per_second""   : 62.2586644072131,
  ""lines_per_second""   : 3612.76740728732},
""XML"" :{
  ""nFiles"": 429,
  ""blank"": 1398,
  ""comment"": 297,
  ""code"": 72917},
""Java"" :{
  ""nFiles"": 356,
  ""blank"": 10640,
  ""comment"": 8618,
  ""code"": 49770},
""Text"" :{
  ""nFiles"": 2333,
  ""blank"": 2402,
  ""comment"": 0,
  ""code"": 17175},
""Kotlin"" :{
  ""nFiles"": 114,
  ""blank"": 1677,
  ""comment"": 980,
  ""code"": 9932},
""JSON"" :{
  ""nFiles"": 10,
  ""blank"": 0,
  ""comment"": 0,
  ""code"": 5624},
""SVG"" :{
  ""nFiles"": 24,
  ""blank"": 18,
  ""comment"": 13,
  ""code"": 5195},
""Markdown"" :{
  ""nFiles"": 24,
  ""blank"": 626,
  ""comment"": 26,
  ""code"": 2243},
""HTML"" :{
  ""nFiles"": 6,
  ""blank"": 180,
  ""comment"": 2,
  ""code"": 1278},
""YAML"" :{
  ""nFiles"": 11,
  ""blank"": 65,
  ""comment"": 9,
  ""code"": 414},
""Gradle"" :{
  ""nFiles"": 3,
  ""blank"": 57,
  ""comment"": 64,
  ""code"": 269},
""JavaScript"" :{
  ""nFiles"": 1,
  ""blank"": 17,
  ""comment"": 15,
  ""code"": 115},
""Bourne Shell"" :{
  ""nFiles"": 1,
  ""blank"": 28,
  ""comment"": 115,
  ""code"": 102},
""DOS Batch"" :{
  ""nFiles"": 1,
  ""blank"": 21,
  ""comment"": 2,
  ""code"": 69},
""ProGuard"" :{
  ""nFiles"": 1,
  ""blank"": 6,
  ""comment"": 8,
  ""code"": 22},
""Properties"" :{
  ""nFiles"": 2,
  ""blank"": 0,
  ""comment"": 0,
  ""code"": 13},
""SUM"": {
  ""blank"": 17135,
  ""comment"": 10149,
  ""code"": 165138,
  ""nFiles"": 3316} }
"
zxing,"{""header"" : {
  ""cloc_url""           : ""github.com/AlDanial/cloc"",
  ""cloc_version""       : ""2.04"",
  ""elapsed_seconds""    : 82.1208927631378,
  ""n_files""            : 1662,
  ""n_lines""            : 218339,
  ""files_per_second""   : 20.238455088326,
  ""lines_per_second""   : 2658.75092992179},
""HTML"" :{
  ""nFiles"": 651,
  ""blank"": 329,
  ""comment"": 20880,
  ""code"": 112483},
""Java"" :{
  ""nFiles"": 515,
  ""blank"": 8236,
  ""comment"": 17680,
  ""code"": 47617},
""XML"" :{
  ""nFiles"": 67,
  ""blank"": 388,
  ""comment"": 885,
  ""code"": 5662},
""Maven"" :{
  ""nFiles"": 8,
  ""blank"": 82,
  ""comment"": 114,
  ""code"": 1118},
""CSS"" :{
  ""nFiles"": 12,
  ""blank"": 14,
  ""comment"": 108,
  ""code"": 741},
""Text"" :{
  ""nFiles"": 383,
  ""blank"": 65,
  ""comment"": 0,
  ""code"": 716},
""JavaScript"" :{
  ""nFiles"": 11,
  ""blank"": 7,
  ""comment"": 80,
  ""code"": 360},
""SVG"" :{
  ""nFiles"": 1,
  ""blank"": 0,
  ""comment"": 0,
  ""code"": 229},
""Markdown"" :{
  ""nFiles"": 5,
  ""blank"": 79,
  ""comment"": 0,
  ""code"": 217},
""YAML"" :{
  ""nFiles"": 7,
  ""blank"": 41,
  ""comment"": 34,
  ""code"": 150},
""Properties"" :{
  ""nFiles"": 1,
  ""blank"": 0,
  ""comment"": 0,
  ""code"": 15},
""INI"" :{
  ""nFiles"": 1,
  ""blank"": 1,
  ""comment"": 0,
  ""code"": 8},
""SUM"": {
  ""blank"": 9242,
  ""comment"": 39781,
  ""code"": 169316,
  ""nFiles"": 1662} }
"
selenium,"{""header"" : {
  ""cloc_url""           : ""github.com/AlDanial/cloc"",
  ""cloc_version""       : ""2.04"",
  ""elapsed_seconds""    : 198.492056846619,
  ""n_files""            : 4990,
  ""n_lines""            : 1112417,
  ""files_per_second""   : 25.1395450239902,
  ""lines_per_second""   : 5604.34013165374},
""JavaScript"" :{
  ""nFiles"": 1241,
  ""blank"": 69272,
  ""comment"": 184156,
  ""code"": 343808},
""Java"" :{
  ""nFiles"": 1253,
  ""blank"": 25937,
  ""comment"": 29995,
  ""code"": 117367},
""C#"" :{
  ""nFiles"": 633,
  ""blank"": 10612,
  ""comment"": 24540,
  ""code"": 44453},
""C++"" :{
  ""nFiles"": 125,
  ""blank"": 4655,
  ""comment"": 4815,
  ""code"": 30273},
""HTML"" :{
  ""nFiles"": 354,
  ""blank"": 3602,
  ""comment"": 627,
  ""code"": 25527},
""JSON"" :{
  ""nFiles"": 22,
  ""blank"": 10,
  ""comment"": 0,
  ""code"": 24579},
""Ruby"" :{
  ""nFiles"": 326,
  ""blank"": 5483,
  ""comment"": 7779,
  ""code"": 21172},
""C/C++ Header"" :{
  ""nFiles"": 141,
  ""blank"": 2294,
  ""comment"": 4635,
  ""code"": 18551},
""Python"" :{
  ""nFiles"": 215,
  ""blank"": 6470,
  ""comment"": 9241,
  ""code"": 16135},
""C"" :{
  ""nFiles"": 2,
  ""blank"": 2818,
  ""comment"": 2423,
  ""code"": 15382},
""Starlark"" :{
  ""nFiles"": 302,
  ""blank"": 1238,
  ""comment"": 1018,
  ""code"": 14270},
""YAML"" :{
  ""nFiles"": 32,
  ""blank"": 917,
  ""comment"": 43,
  ""code"": 7582},
""Rust"" :{
  ""nFiles"": 34,
  ""blank"": 837,
  ""comment"": 648,
  ""code"": 6301},
""XML"" :{
  ""nFiles"": 53,
  ""blank"": 79,
  ""comment"": 33,
  ""code"": 4361},
""TypeScript"" :{
  ""nFiles"": 54,
  ""blank"": 280,
  ""comment"": 820,
  ""code"": 3075},
""Markdown"" :{
  ""nFiles"": 24,
  ""blank"": 884,
  ""comment"": 6,
  ""code"": 3067},
""CSS"" :{
  ""nFiles"": 59,
  ""blank"": 622,
  ""comment"": 903,
  ""code"": 2744},
""Text"" :{
  ""nFiles"": 20,
  ""blank"": 116,
  ""comment"": 0,
  ""code"": 1252},
""SVG"" :{
  ""nFiles"": 22,
  ""blank"": 0,
  ""comment"": 0,
  ""code"": 684},
""MSBuild script"" :{
  ""nFiles"": 11,
  ""blank"": 104,
  ""comment"": 5,
  ""code"": 448},
""Bourne Shell"" :{
  ""nFiles"": 21,
  ""blank"": 104,
  ""comment"": 100,
  ""code"": 307},
""Handlebars"" :{
  ""nFiles"": 8,
  ""blank"": 40,
  ""comment"": 0,
  ""code"": 277},
""CMake"" :{
  ""nFiles"": 1,
  ""blank"": 15,
  ""comment"": 27,
  ""code"": 272},
""reStructuredText"" :{
  ""nFiles"": 4,
  ""blank"": 111,
  ""comment"": 157,
  ""code"": 167},
""Visual Studio Solution"" :{
  ""nFiles"": 3,
  ""blank"": 3,
  ""comment"": 3,
  ""code"": 166},
""TOML"" :{
  ""nFiles"": 3,
  ""blank"": 17,
  ""comment"": 29,
  ""code"": 164},
""PowerShell"" :{
  ""nFiles"": 3,
  ""blank"": 33,
  ""comment"": 5,
  ""code"": 159},
""Dockerfile"" :{
  ""nFiles"": 3,
  ""blank"": 32,
  ""comment"": 24,
  ""code"": 128},
""Windows Resource File"" :{
  ""nFiles"": 2,
  ""blank"": 39,
  ""comment"": 50,
  ""code"": 127},
""INI"" :{
  ""nFiles"": 2,
  ""blank"": 17,
  ""comment"": 8,
  ""code"": 108},
""make"" :{
  ""nFiles"": 1,
  ""blank"": 21,
  ""comment"": 4,
  ""code"": 106},
""XHTML"" :{
  ""nFiles"": 3,
  ""blank"": 3,
  ""comment"": 5,
  ""code"": 104},
""ERB"" :{
  ""nFiles"": 2,
  ""blank"": 10,
  ""comment"": 0,
  ""code"": 87},
""Maven"" :{
  ""nFiles"": 1,
  ""blank"": 6,
  ""comment"": 0,
  ""code"": 70},
""GraphQL"" :{
  ""nFiles"": 1,
  ""blank"": 10,
  ""comment"": 0,
  ""code"": 64},
""DOS Batch"" :{
  ""nFiles"": 2,
  ""blank"": 14,
  ""comment"": 12,
  ""code"": 56},
""diff"" :{
  ""nFiles"": 1,
  ""blank"": 4,
  ""comment"": 19,
  ""code"": 51},
""XSLT"" :{
  ""nFiles"": 1,
  ""blank"": 5,
  ""comment"": 0,
  ""code"": 32},
""ASP.NET"" :{
  ""nFiles"": 2,
  ""blank"": 5,
  ""comment"": 0,
  ""code"": 23},
""Bourne Again Shell"" :{
  ""nFiles"": 1,
  ""blank"": 10,
  ""comment"": 10,
  ""code"": 23},
""Properties"" :{
  ""nFiles"": 1,
  ""blank"": 2,
  ""comment"": 0,
  ""code"": 15},
""Windows Module Definition"" :{
  ""nFiles"": 1,
  ""blank"": 0,
  ""comment"": 0,
  ""code"": 9},
""SUM"": {
  ""blank"": 136731,
  ""comment"": 272140,
  ""code"": 703546,
  ""nFiles"": 4990} }
"
nacos,"{""header"" : {
  ""cloc_url""           : ""github.com/AlDanial/cloc"",
  ""cloc_version""       : ""2.04"",
  ""elapsed_seconds""    : 37.5796058177948,
  ""n_files""            : 2833,
  ""n_lines""            : 379739,
  ""files_per_second""   : 75.3866342754056,
  ""lines_per_second""   : 10104.9223837304},
""Java"" :{
  ""nFiles"": 2452,
  ""blank"": 42671,
  ""comment"": 75063,
  ""code"": 174305},
""JavaScript"" :{
  ""nFiles"": 181,
  ""blank"": 2767,
  ""comment"": 4336,
  ""code"": 27561},
""JSON"" :{
  ""nFiles"": 12,
  ""blank"": 1,
  ""comment"": 0,
  ""code"": 17071},
""CSS"" :{
  ""nFiles"": 8,
  ""blank"": 1184,
  ""comment"": 623,
  ""code"": 8703},
""Maven"" :{
  ""nFiles"": 37,
  ""blank"": 277,
  ""comment"": 644,
  ""code"": 3316},
""SCSS"" :{
  ""nFiles"": 18,
  ""blank"": 497,
  ""comment"": 335,
  ""code"": 2988},
""XML"" :{
  ""nFiles"": 20,
  ""blank"": 255,
  ""comment"": 349,
  ""code"": 2977},
""YAML"" :{
  ""nFiles"": 9,
  ""blank"": 55,
  ""comment"": 15,
  ""code"": 1310},
""SQL"" :{
  ""nFiles"": 8,
  ""blank"": 142,
  ""comment"": 169,
  ""code"": 983},
""Protocol Buffers"" :{
  ""nFiles"": 16,
  ""blank"": 484,
  ""comment"": 6080,
  ""code"": 841},
""Markdown"" :{
  ""nFiles"": 19,
  ""blank"": 350,
  ""comment"": 20,
  ""code"": 822},
""JSX"" :{
  ""nFiles"": 5,
  ""blank"": 41,
  ""comment"": 51,
  ""code"": 369},
""Properties"" :{
  ""nFiles"": 24,
  ""blank"": 204,
  ""comment"": 790,
  ""code"": 209},
""Bourne Shell"" :{
  ""nFiles"": 4,
  ""blank"": 25,
  ""comment"": 27,
  ""code"": 142},
""TypeScript"" :{
  ""nFiles"": 3,
  ""blank"": 19,
  ""comment"": 45,
  ""code"": 99},
""DOS Batch"" :{
  ""nFiles"": 3,
  ""blank"": 25,
  ""comment"": 34,
  ""code"": 84},
""SVG"" :{
  ""nFiles"": 5,
  ""blank"": 91,
  ""comment"": 3,
  ""code"": 69},
""HTML"" :{
  ""nFiles"": 2,
  ""blank"": 7,
  ""comment"": 34,
  ""code"": 63},
""EJS"" :{
  ""nFiles"": 1,
  ""blank"": 6,
  ""comment"": 19,
  ""code"": 36},
""INI"" :{
  ""nFiles"": 2,
  ""blank"": 8,
  ""comment"": 0,
  ""code"": 25},
""Text"" :{
  ""nFiles"": 4,
  ""blank"": 1,
  ""comment"": 0,
  ""code"": 19},
""SUM"": {
  ""blank"": 49110,
  ""comment"": 88637,
  ""code"": 241992,
  ""nFiles"": 2833} }
"
spring-boot-examples,"{""header"" : {
  ""cloc_url""           : ""github.com/AlDanial/cloc"",
  ""cloc_version""       : ""2.04"",
  ""elapsed_seconds""    : 6.98077297210693,
  ""n_files""            : 571,
  ""n_lines""            : 26795,
  ""files_per_second""   : 81.7960994121345,
  ""lines_per_second""   : 3838.40014666925},
""Java"" :{
  ""nFiles"": 355,
  ""blank"": 2654,
  ""comment"": 409,
  ""code"": 9770},
""CSS"" :{
  ""nFiles"": 3,
  ""blank"": 8,
  ""comment"": 14,
  ""code"": 6753},
""Maven"" :{
  ""nFiles"": 86,
  ""blank"": 605,
  ""comment"": 17,
  ""code"": 4383},
""HTML"" :{
  ""nFiles"": 40,
  ""blank"": 27,
  ""comment"": 3,
  ""code"": 781},
""XML"" :{
  ""nFiles"": 9,
  ""blank"": 50,
  ""comment"": 1,
  ""code"": 323},
""Properties"" :{
  ""nFiles"": 57,
  ""blank"": 76,
  ""comment"": 65,
  ""code"": 293},
""Markdown"" :{
  ""nFiles"": 5,
  ""blank"": 83,
  ""comment"": 0,
  ""code"": 250},
""YAML"" :{
  ""nFiles"": 7,
  ""blank"": 10,
  ""comment"": 6,
  ""code"": 138},
""SQL"" :{
  ""nFiles"": 4,
  ""blank"": 8,
  ""comment"": 14,
  ""code"": 38},
""Dockerfile"" :{
  ""nFiles"": 4,
  ""blank"": 0,
  ""comment"": 0,
  ""code"": 10},
""Text"" :{
  ""nFiles"": 1,
  ""blank"": 0,
  ""comment"": 0,
  ""code"": 6},
""SUM"": {
  ""blank"": 3521,
  ""comment"": 529,
  ""code"": 22745,
  ""nFiles"": 571} }
"
hutool,"{""header"" : {
  ""cloc_url""           : ""github.com/AlDanial/cloc"",
  ""cloc_version""       : ""2.04"",
  ""elapsed_seconds""    : 25.0706050395966,
  ""n_files""            : 2221,
  ""n_lines""            : 289281,
  ""files_per_second""   : 88.5898045337218,
  ""lines_per_second""   : 11538.6525192794},
""Java"" :{
  ""nFiles"": 2124,
  ""blank"": 31247,
  ""comment"": 110013,
  ""code"": 140729},
""Markdown"" :{
  ""nFiles"": 9,
  ""blank"": 637,
  ""comment"": 0,
  ""code"": 2918},
""Maven"" :{
  ""nFiles"": 22,
  ""blank"": 139,
  ""comment"": 41,
  ""code"": 1826},
""JSON"" :{
  ""nFiles"": 10,
  ""blank"": 0,
  ""comment"": 0,
  ""code"": 779},
""Bourne Shell"" :{
  ""nFiles"": 17,
  ""blank"": 43,
  ""comment"": 23,
  ""code"": 113},
""Properties"" :{
  ""nFiles"": 11,
  ""blank"": 43,
  ""comment"": 170,
  ""code"": 109},
""HTML"" :{
  ""nFiles"": 3,
  ""blank"": 8,
  ""comment"": 2,
  ""code"": 89},
""XML"" :{
  ""nFiles"": 4,
  ""blank"": 22,
  ""comment"": 24,
  ""code"": 79},
""YAML"" :{
  ""nFiles"": 4,
  ""blank"": 19,
  ""comment"": 31,
  ""code"": 63},
""Velocity Template Language"" :{
  ""nFiles"": 1,
  ""blank"": 7,
  ""comment"": 1,
  ""code"": 44},
""CSV"" :{
  ""nFiles"": 6,
  ""blank"": 0,
  ""comment"": 0,
  ""code"": 18},
""Text"" :{
  ""nFiles"": 5,
  ""blank"": 0,
  ""comment"": 0,
  ""code"": 16},
""INI"" :{
  ""nFiles"": 1,
  ""blank"": 4,
  ""comment"": 0,
  ""code"": 15},
""JavaScript"" :{
  ""nFiles"": 2,
  ""blank"": 0,
  ""comment"": 0,
  ""code"": 7},
""Freemarker Template"" :{
  ""nFiles"": 2,
  ""blank"": 0,
  ""comment"": 0,
  ""code"": 2},
""SUM"": {
  ""blank"": 32169,
  ""comment"": 110305,
  ""code"": 146807,
  ""nFiles"": 2221} }
"
apollo,"{""header"" : {
  ""cloc_url""           : ""github.com/AlDanial/cloc"",
  ""cloc_version""       : ""2.04"",
  ""elapsed_seconds""    : 17.0281009674072,
  ""n_files""            : 1120,
  ""n_lines""            : 147966,
  ""files_per_second""   : 65.7736292581154,
  ""lines_per_second""   : 8689.51859536278},
""Java"" :{
  ""nFiles"": 641,
  ""blank"": 11163,
  ""comment"": 13280,
  ""code"": 46109},
""JavaScript"" :{
  ""nFiles"": 103,
  ""blank"": 1510,
  ""comment"": 1842,
  ""code"": 15164},
""Markdown"" :{
  ""nFiles"": 95,
  ""blank"": 5617,
  ""comment"": 21,
  ""code"": 15030},
""CSS"" :{
  ""nFiles"": 15,
  ""blank"": 1804,
  ""comment"": 158,
  ""code"": 7666},
""HTML"" :{
  ""nFiles"": 50,
  ""blank"": 844,
  ""comment"": 1044,
  ""code"": 7582},
""SQL"" :{
  ""nFiles"": 108,
  ""blank"": 1315,
  ""comment"": 2595,
  ""code"": 5204},
""JSON"" :{
  ""nFiles"": 4,
  ""blank"": 0,
  ""comment"": 0,
  ""code"": 1906},
""Maven"" :{
  ""nFiles"": 14,
  ""blank"": 45,
  ""comment"": 273,
  ""code"": 1500},
""XML"" :{
  ""nFiles"": 11,
  ""blank"": 10,
  ""comment"": 176,
  ""code"": 1392},
""Bourne Shell"" :{
  ""nFiles"": 11,
  ""blank"": 181,
  ""comment"": 433,
  ""code"": 984},
""YAML"" :{
  ""nFiles"": 26,
  ""blank"": 60,
  ""comment"": 463,
  ""code"": 876},
""SVG"" :{
  ""nFiles"": 6,
  ""blank"": 0,
  ""comment"": 19,
  ""code"": 446},
""Text"" :{
  ""nFiles"": 2,
  ""blank"": 34,
  ""comment"": 0,
  ""code"": 176},
""Properties"" :{
  ""nFiles"": 29,
  ""blank"": 39,
  ""comment"": 475,
  ""code"": 167},
""DOS Batch"" :{
  ""nFiles"": 2,
  ""blank"": 45,
  ""comment"": 21,
  ""code"": 150},
""Dockerfile"" :{
  ""nFiles"": 3,
  ""blank"": 30,
  ""comment"": 57,
  ""code"": 60},
""SUM"": {
  ""blank"": 22697,
  ""comment"": 20857,
  ""code"": 104412,
  ""nFiles"": 1120} }

One or more files took longer to process than expected.
Try rerunning without timeout guards by adding  --timeout 0
to your command line arguments.  See the documentation on
the --timeout switch for more information.

"
canal,"{""header"" : {
  ""cloc_url""           : ""github.com/AlDanial/cloc"",
  ""cloc_version""       : ""2.04"",
  ""elapsed_seconds""    : 15.5722439289093,
  ""n_files""            : 1239,
  ""n_lines""            : 150483,
  ""files_per_second""   : 79.5646411433256,
  ""lines_per_second""   : 9663.53986535196},
""Java"" :{
  ""nFiles"": 697,
  ""blank"": 15025,
  ""comment"": 19177,
  ""code"": 90039},
""SQL"" :{
  ""nFiles"": 233,
  ""blank"": 22,
  ""comment"": 30,
  ""code"": 5469},
""Maven"" :{
  ""nFiles"": 43,
  ""blank"": 131,
  ""comment"": 76,
  ""code"": 4489},
""XML"" :{
  ""nFiles"": 39,
  ""blank"": 264,
  ""comment"": 165,
  ""code"": 3093},
""Vuejs Component"" :{
  ""nFiles"": 25,
  ""blank"": 125,
  ""comment"": 33,
  ""code"": 2634},
""JavaScript"" :{
  ""nFiles"": 65,
  ""blank"": 175,
  ""comment"": 230,
  ""code"": 1641},
""JSON"" :{
  ""nFiles"": 3,
  ""blank"": 0,
  ""comment"": 0,
  ""code"": 1461},
""Bourne Shell"" :{
  ""nFiles"": 24,
  ""blank"": 222,
  ""comment"": 145,
  ""code"": 1432},
""YAML"" :{
  ""nFiles"": 42,
  ""blank"": 77,
  ""comment"": 385,
  ""code"": 926},
""Markdown"" :{
  ""nFiles"": 7,
  ""blank"": 122,
  ""comment"": 4,
  ""code"": 749},
""SCSS"" :{
  ""nFiles"": 6,
  ""blank"": 73,
  ""comment"": 18,
  ""code"": 337},
""Protocol Buffers"" :{
  ""nFiles"": 3,
  ""blank"": 85,
  ""comment"": 88,
  ""code"": 294},
""Properties"" :{
  ""nFiles"": 8,
  ""blank"": 79,
  ""comment"": 240,
  ""code"": 293},
""Text"" :{
  ""nFiles"": 5,
  ""blank"": 34,
  ""comment"": 0,
  ""code"": 216},
""Dockerfile"" :{
  ""nFiles"": 3,
  ""blank"": 21,
  ""comment"": 15,
  ""code"": 120},
""DOS Batch"" :{
  ""nFiles"": 4,
  ""blank"": 27,
  ""comment"": 0,
  ""code"": 71},
""Python"" :{
  ""nFiles"": 1,
  ""blank"": 13,
  ""comment"": 10,
  ""code"": 43},
""HTML"" :{
  ""nFiles"": 2,
  ""blank"": 0,
  ""comment"": 1,
  ""code"": 17},
""CSS"" :{
  ""nFiles"": 16,
  ""blank"": 0,
  ""comment"": 0,
  ""code"": 16},
""INI"" :{
  ""nFiles"": 1,
  ""blank"": 2,
  ""comment"": 0,
  ""code"": 12},
""SVG"" :{
  ""nFiles"": 11,
  ""blank"": 0,
  ""comment"": 0,
  ""code"": 11},
""Bourne Again Shell"" :{
  ""nFiles"": 1,
  ""blank"": 1,
  ""comment"": 0,
  ""code"": 5},
""SUM"": {
  ""blank"": 16498,
  ""comment"": 20617,
  ""code"": 113368,
  ""nFiles"": 1239} }
"
SpringAll,"{""header"" : {
  ""cloc_url""           : ""github.com/AlDanial/cloc"",
  ""cloc_version""       : ""2.04"",
  ""elapsed_seconds""    : 8.62110090255737,
  ""n_files""            : 655,
  ""n_lines""            : 25682,
  ""files_per_second""   : 75.9763755700505,
  ""lines_per_second""   : 2978.96988914509},
""Java"" :{
  ""nFiles"": 422,
  ""blank"": 2799,
  ""comment"": 1295,
  ""code"": 11690},
""Maven"" :{
  ""nFiles"": 93,
  ""blank"": 745,
  ""comment"": 74,
  ""code"": 4697},
""YAML"" :{
  ""nFiles"": 74,
  ""blank"": 175,
  ""comment"": 324,
  ""code"": 1202},
""JSON"" :{
  ""nFiles"": 5,
  ""blank"": 0,
  ""comment"": 0,
  ""code"": 1041},
""HTML"" :{
  ""nFiles"": 22,
  ""blank"": 19,
  ""comment"": 0,
  ""code"": 584},
""CSS"" :{
  ""nFiles"": 4,
  ""blank"": 3,
  ""comment"": 0,
  ""code"": 328},
""XML"" :{
  ""nFiles"": 13,
  ""blank"": 19,
  ""comment"": 16,
  ""code"": 229},
""SQL"" :{
  ""nFiles"": 8,
  ""blank"": 22,
  ""comment"": 101,
  ""code"": 151},
""Markdown"" :{
  ""nFiles"": 2,
  ""blank"": 13,
  ""comment"": 0,
  ""code"": 108},
""JavaScript"" :{
  ""nFiles"": 2,
  ""blank"": 0,
  ""comment"": 1,
  ""code"": 25},
""Properties"" :{
  ""nFiles"": 9,
  ""blank"": 3,
  ""comment"": 0,
  ""code"": 14},
""Text"" :{
  ""nFiles"": 1,
  ""blank"": 0,
  ""comment"": 0,
  ""code"": 4},
""SUM"": {
  ""blank"": 3798,
  ""comment"": 1811,
  ""code"": 20073,
  ""nFiles"": 655} }
"
xxl-job,"{""header"" : {
  ""cloc_url""           : ""github.com/AlDanial/cloc"",
  ""cloc_version""       : ""2.04"",
  ""elapsed_seconds""    : 3.8558988571167,
  ""n_files""            : 225,
  ""n_lines""            : 50317,
  ""files_per_second""   : 58.3521529836617,
  ""lines_per_second""   : 13049.3568074618},
""JavaScript"" :{
  ""nFiles"": 35,
  ""blank"": 2156,
  ""comment"": 2035,
  ""code"": 16487},
""Java"" :{
  ""nFiles"": 134,
  ""blank"": 2291,
  ""comment"": 3027,
  ""code"": 9223},
""SVG"" :{
  ""nFiles"": 3,
  ""blank"": 0,
  ""comment"": 3,
  ""code"": 5186},
""Markdown"" :{
  ""nFiles"": 3,
  ""blank"": 697,
  ""comment"": 14,
  ""code"": 3911},
""Freemarker Template"" :{
  ""nFiles"": 11,
  ""blank"": 165,
  ""comment"": 56,
  ""code"": 1625},
""XML"" :{
  ""nFiles"": 10,
  ""blank"": 103,
  ""comment"": 48,
  ""code"": 832},
""Properties"" :{
  ""nFiles"": 6,
  ""blank"": 56,
  ""comment"": 72,
  ""code"": 816},
""CSS"" :{
  ""nFiles"": 12,
  ""blank"": 59,
  ""comment"": 52,
  ""code"": 711},
""Maven"" :{
  ""nFiles"": 6,
  ""blank"": 52,
  ""comment"": 52,
  ""code"": 373},
""SQL"" :{
  ""nFiles"": 1,
  ""blank"": 18,
  ""comment"": 0,
  ""code"": 138},
""YAML"" :{
  ""nFiles"": 2,
  ""blank"": 5,
  ""comment"": 1,
  ""code"": 29},
""Dockerfile"" :{
  ""nFiles"": 2,
  ""blank"": 9,
  ""comment"": 1,
  ""code"": 14},
""SUM"": {
  ""blank"": 5611,
  ""comment"": 5361,
  ""code"": 39345,
  ""nFiles"": 225} }
"
druid,"{""header"" : {
  ""cloc_url""           : ""github.com/AlDanial/cloc"",
  ""cloc_version""       : ""2.04"",
  ""elapsed_seconds""    : 69.0944218635559,
  ""n_files""            : 6131,
  ""n_lines""            : 653786,
  ""files_per_second""   : 88.7336464310705,
  ""lines_per_second""   : 9462.21102032032},
""Java"" :{
  ""nFiles"": 5146,
  ""blank"": 94340,
  ""comment"": 68474,
  ""code"": 412484},
""SQL"" :{
  ""nFiles"": 622,
  ""blank"": 1806,
  ""comment"": 1777,
  ""code"": 24733},
""Text"" :{
  ""nFiles"": 205,
  ""blank"": 242,
  ""comment"": 0,
  ""code"": 18076},
""SVG"" :{
  ""nFiles"": 2,
  ""blank"": 0,
  ""comment"": 0,
  ""code"": 9158},
""CSS"" :{
  ""nFiles"": 4,
  ""blank"": 874,
  ""comment"": 49,
  ""code"": 7222},
""HTML"" :{
  ""nFiles"": 50,
  ""blank"": 315,
  ""comment"": 4,
  ""code"": 6169},
""Maven"" :{
  ""nFiles"": 7,
  ""blank"": 115,
  ""comment"": 62,
  ""code"": 1683},
""JavaScript"" :{
  ""nFiles"": 9,
  ""blank"": 125,
  ""comment"": 26,
  ""code"": 1349},
""Markdown"" :{
  ""nFiles"": 8,
  ""blank"": 145,
  ""comment"": 22,
  ""code"": 850},
""XML"" :{
  ""nFiles"": 16,
  ""blank"": 43,
  ""comment"": 2,
  ""code"": 710},
""Bourne Shell"" :{
  ""nFiles"": 5,
  ""blank"": 95,
  ""comment"": 232,
  ""code"": 538},
""JSON"" :{
  ""nFiles"": 6,
  ""blank"": 0,
  ""comment"": 0,
  ""code"": 466},
""DOS Batch"" :{
  ""nFiles"": 4,
  ""blank"": 95,
  ""comment"": 15,
  ""code"": 364},
""Properties"" :{
  ""nFiles"": 30,
  ""blank"": 36,
  ""comment"": 69,
  ""code"": 306},
""SCSS"" :{
  ""nFiles"": 4,
  ""blank"": 64,
  ""comment"": 16,
  ""code"": 304},
""YAML"" :{
  ""nFiles"": 8,
  ""blank"": 12,
  ""comment"": 3,
  ""code"": 231},
""Gradle"" :{
  ""nFiles"": 2,
  ""blank"": 6,
  ""comment"": 0,
  ""code"": 36},
""INI"" :{
  ""nFiles"": 1,
  ""blank"": 4,
  ""comment"": 0,
  ""code"": 17},
""XSD"" :{
  ""nFiles"": 1,
  ""blank"": 3,
  ""comment"": 0,
  ""code"": 14},
""Dockerfile"" :{
  ""nFiles"": 1,
  ""blank"": 1,
  ""comment"": 0,
  ""code"": 4},
""SUM"": {
  ""blank"": 98321,
  ""comment"": 70751,
  ""code"": 484714,
  ""nFiles"": 6131} }
"
vhr,"{""header"" : {
  ""cloc_url""           : ""github.com/AlDanial/cloc"",
  ""cloc_version""       : ""2.04"",
  ""elapsed_seconds""    : 3.08147096633911,
  ""n_files""            : 204,
  ""n_lines""            : 35026,
  ""files_per_second""   : 66.2021489828797,
  ""lines_per_second""   : 11366.6493640899},
""JSON"" :{
  ""nFiles"": 2,
  ""blank"": 0,
  ""comment"": 0,
  ""code"": 11637},
""JavaScript"" :{
  ""nFiles"": 20,
  ""blank"": 849,
  ""comment"": 1036,
  ""code"": 4892},
""Java"" :{
  ""nFiles"": 92,
  ""blank"": 1014,
  ""comment"": 387,
  ""code"": 3732},
""Vuejs Component"" :{
  ""nFiles"": 36,
  ""blank"": 137,
  ""comment"": 10,
  ""code"": 3275},
""XML"" :{
  ""nFiles"": 27,
  ""blank"": 1,
  ""comment"": 0,
  ""code"": 3074},
""SVG"" :{
  ""nFiles"": 1,
  ""blank"": 0,
  ""comment"": 0,
  ""code"": 2671},
""SQL"" :{
  ""nFiles"": 2,
  ""blank"": 224,
  ""comment"": 160,
  ""code"": 618},
""Maven"" :{
  ""nFiles"": 7,
  ""blank"": 24,
  ""comment"": 0,
  ""code"": 276},
""Markdown"" :{
  ""nFiles"": 4,
  ""blank"": 138,
  ""comment"": 0,
  ""code"": 243},
""Bourne Shell"" :{
  ""nFiles"": 1,
  ""blank"": 33,
  ""comment"": 62,
  ""code"": 215},
""DOS Batch"" :{
  ""nFiles"": 1,
  ""blank"": 35,
  ""comment"": 0,
  ""code"": 147},
""HTML"" :{
  ""nFiles"": 3,
  ""blank"": 1,
  ""comment"": 10,
  ""code"": 46},
""Properties"" :{
  ""nFiles"": 3,
  ""blank"": 8,
  ""comment"": 5,
  ""code"": 32},
""YAML"" :{
  ""nFiles"": 1,
  ""blank"": 0,
  ""comment"": 0,
  ""code"": 26},
""CSS"" :{
  ""nFiles"": 4,
  ""blank"": 0,
  ""comment"": 3,
  ""code"": 5},
""SUM"": {
  ""blank"": 2464,
  ""comment"": 1673,
  ""code"": 30889,
  ""nFiles"": 204} }
"
JCSprout,"{""header"" : {
  ""cloc_url""           : ""github.com/AlDanial/cloc"",
  ""cloc_version""       : ""2.04"",
  ""elapsed_seconds""    : 2.10224604606628,
  ""n_files""            : 204,
  ""n_lines""            : 26749,
  ""files_per_second""   : 97.0390694189789,
  ""lines_per_second""   : 12724.0101367072},
""Markdown"" :{
  ""nFiles"": 90,
  ""blank"": 6943,
  ""comment"": 21,
  ""code"": 12414},
""Java"" :{
  ""nFiles"": 109,
  ""blank"": 1439,
  ""comment"": 1425,
  ""code"": 4194},
""Maven"" :{
  ""nFiles"": 1,
  ""blank"": 22,
  ""comment"": 4,
  ""code"": 150},
""XML"" :{
  ""nFiles"": 1,
  ""blank"": 12,
  ""comment"": 3,
  ""code"": 67},
""HTML"" :{
  ""nFiles"": 1,
  ""blank"": 3,
  ""comment"": 0,
  ""code"": 40},
""YAML"" :{
  ""nFiles"": 1,
  ""blank"": 3,
  ""comment"": 0,
  ""code"": 6},
""Properties"" :{
  ""nFiles"": 1,
  ""blank"": 1,
  ""comment"": 0,
  ""code"": 2},
""SUM"": {
  ""blank"": 8423,
  ""comment"": 1453,
  ""code"": 16873,
  ""nFiles"": 204} }
"
miaosha,"{""header"" : {
  ""cloc_url""           : ""github.com/AlDanial/cloc"",
  ""cloc_version""       : ""2.04"",
  ""elapsed_seconds""    : 13.3590469360352,
  ""n_files""            : 570,
  ""n_lines""            : 184326,
  ""files_per_second""   : 42.6677144506815,
  ""lines_per_second""   : 13797.8405856778},
""JavaScript"" :{
  ""nFiles"": 67,
  ""blank"": 19361,
  ""comment"": 16441,
  ""code"": 78630},
""CSS"" :{
  ""nFiles"": 44,
  ""blank"": 1835,
  ""comment"": 397,
  ""code"": 31246},
""Java"" :{
  ""nFiles"": 259,
  ""blank"": 2580,
  ""comment"": 2218,
  ""code"": 9807},
""HTML"" :{
  ""nFiles"": 48,
  ""blank"": 456,
  ""comment"": 129,
  ""code"": 5371},
""SVG"" :{
  ""nFiles"": 3,
  ""blank"": 0,
  ""comment"": 0,
  ""code"": 3187},
""Freemarker Template"" :{
  ""nFiles"": 29,
  ""blank"": 128,
  ""comment"": 0,
  ""code"": 3038},
""Markdown"" :{
  ""nFiles"": 28,
  ""blank"": 852,
  ""comment"": 3,
  ""code"": 2355},
""XML"" :{
  ""nFiles"": 32,
  ""blank"": 243,
  ""comment"": 207,
  ""code"": 1309},
""XSD"" :{
  ""nFiles"": 1,
  ""blank"": 33,
  ""comment"": 0,
  ""code"": 1172},
""Maven"" :{
  ""nFiles"": 18,
  ""blank"": 29,
  ""comment"": 9,
  ""code"": 1122},
""SQL"" :{
  ""nFiles"": 3,
  ""blank"": 70,
  ""comment"": 172,
  ""code"": 577},
""Properties"" :{
  ""nFiles"": 12,
  ""blank"": 34,
  ""comment"": 94,
  ""code"": 409},
""Bourne Shell"" :{
  ""nFiles"": 1,
  ""blank"": 29,
  ""comment"": 51,
  ""code"": 145},
""PHP"" :{
  ""nFiles"": 12,
  ""blank"": 36,
  ""comment"": 31,
  ""code"": 139},
""JSON"" :{
  ""nFiles"": 3,
  ""blank"": 0,
  ""comment"": 0,
  ""code"": 121},
""DOS Batch"" :{
  ""nFiles"": 1,
  ""blank"": 31,
  ""comment"": 0,
  ""code"": 112},
""Lua"" :{
  ""nFiles"": 5,
  ""blank"": 10,
  ""comment"": 19,
  ""code"": 55},
""Text"" :{
  ""nFiles"": 1,
  ""blank"": 3,
  ""comment"": 0,
  ""code"": 16},
""YAML"" :{
  ""nFiles"": 2,
  ""blank"": 0,
  ""comment"": 0,
  ""code"": 12},
""JSP"" :{
  ""nFiles"": 1,
  ""blank"": 0,
  ""comment"": 0,
  ""code"": 2},
""SUM"": {
  ""blank"": 25730,
  ""comment"": 19771,
  ""code"": 138825,
  ""nFiles"": 570} }
"
Telegram,"{""header"" : {
  ""cloc_url""           : ""github.com/AlDanial/cloc"",
  ""cloc_version""       : ""2.04"",
  ""elapsed_seconds""    : 211.618562936783,
  ""n_files""            : 13078,
  ""n_lines""            : 5401623,
  ""files_per_second""   : 61.7998715165021,
  ""lines_per_second""   : 25525.2796590138},
""Java"" :{
  ""nFiles"": 2662,
  ""blank"": 142579,
  ""comment"": 100822,
  ""code"": 1271258},
""C++"" :{
  ""nFiles"": 3082,
  ""blank"": 134259,
  ""comment"": 126122,
  ""code"": 820340},
""C"" :{
  ""nFiles"": 1402,
  ""blank"": 89707,
  ""comment"": 168240,
  ""code"": 649057},
""C/C++ Header"" :{
  ""nFiles"": 4464,
  ""blank"": 114623,
  ""comment"": 256504,
  ""code"": 491468},
""Text"" :{
  ""nFiles"": 92,
  ""blank"": 56893,
  ""comment"": 0,
  ""code"": 367372},
""JSON"" :{
  ""nFiles"": 354,
  ""blank"": 10,
  ""comment"": 0,
  ""code"": 236165},
""Assembly"" :{
  ""nFiles"": 302,
  ""blank"": 18747,
  ""comment"": 20601,
  ""code"": 113214},
""Perl"" :{
  ""nFiles"": 70,
  ""blank"": 8782,
  ""comment"": 7364,
  ""code"": 65588},
""Go"" :{
  ""nFiles"": 80,
  ""blank"": 5065,
  ""comment"": 5068,
  ""code"": 46014},
""XML"" :{
  ""nFiles"": 247,
  ""blank"": 447,
  ""comment"": 663,
  ""code"": 25617},
""Python"" :{
  ""nFiles"": 48,
  ""blank"": 2132,
  ""comment"": 3423,
  ""code"": 7751},
""Markdown"" :{
  ""nFiles"": 35,
  ""blank"": 1804,
  ""comment"": 0,
  ""code"": 6003},
""SVG"" :{
  ""nFiles"": 44,
  ""blank"": 0,
  ""comment"": 0,
  ""code"": 4861},
""CMake"" :{
  ""nFiles"": 21,
  ""blank"": 407,
  ""comment"": 480,
  ""code"": 4641},
""Fortran 77"" :{
  ""nFiles"": 1,
  ""blank"": 0,
  ""comment"": 0,
  ""code"": 4097},
""Objective-C++"" :{
  ""nFiles"": 24,
  ""blank"": 588,
  ""comment"": 594,
  ""code"": 2795},
""Protocol Buffers"" :{
  ""nFiles"": 16,
  ""blank"": 369,
  ""comment"": 992,
  ""code"": 2256},
""make"" :{
  ""nFiles"": 19,
  ""blank"": 282,
  ""comment"": 275,
  ""code"": 1548},
""SWIG"" :{
  ""nFiles"": 2,
  ""blank"": 267,
  ""comment"": 49,
  ""code"": 1306},
""PHP"" :{
  ""nFiles"": 13,
  ""blank"": 264,
  ""comment"": 272,
  ""code"": 1174},
""Pascal"" :{
  ""nFiles"": 14,
  ""blank"": 354,
  ""comment"": 2190,
  ""code"": 889},
""Gradle"" :{
  ""nFiles"": 7,
  ""blank"": 146,
  ""comment"": 1,
  ""code"": 824},
""Bourne Shell"" :{
  ""nFiles"": 20,
  ""blank"": 161,
  ""comment"": 521,
  ""code"": 796},
""GLSL"" :{
  ""nFiles"": 18,
  ""blank"": 169,
  ""comment"": 11,
  ""code"": 778},
""JavaScript"" :{
  ""nFiles"": 5,
  ""blank"": 12,
  ""comment"": 48,
  ""code"": 436},
""diff"" :{
  ""nFiles"": 9,
  ""blank"": 47,
  ""comment"": 156,
  ""code"": 435},
""Starlark"" :{
  ""nFiles"": 1,
  ""blank"": 52,
  ""comment"": 43,
  ""code"": 423},
""m4"" :{
  ""nFiles"": 3,
  ""blank"": 52,
  ""comment"": 60,
  ""code"": 393},
""HTML"" :{
  ""nFiles"": 3,
  ""blank"": 25,
  ""comment"": 0,
  ""code"": 318},
""Freemarker Template"" :{
  ""nFiles"": 1,
  ""blank"": 42,
  ""comment"": 0,
  ""code"": 124},
""Bourne Again Shell"" :{
  ""nFiles"": 1,
  ""blank"": 20,
  ""comment"": 21,
  ""code"": 123},
""Visual Studio Solution"" :{
  ""nFiles"": 2,
  ""blank"": 0,
  ""comment"": 2,
  ""code"": 108},
""PEG"" :{
  ""nFiles"": 2,
  ""blank"": 7,
  ""comment"": 0,
  ""code"": 99},
""ProGuard"" :{
  ""nFiles"": 2,
  ""blank"": 12,
  ""comment"": 10,
  ""code"": 88},
""Windows Resource File"" :{
  ""nFiles"": 1,
  ""blank"": 22,
  ""comment"": 26,
  ""code"": 67},
""CSS"" :{
  ""nFiles"": 1,
  ""blank"": 13,
  ""comment"": 0,
  ""code"": 57},
""Dockerfile"" :{
  ""nFiles"": 1,
  ""blank"": 4,
  ""comment"": 0,
  ""code"": 40},
""MATLAB"" :{
  ""nFiles"": 1,
  ""blank"": 8,
  ""comment"": 16,
  ""code"": 33},
""Objective-C"" :{
  ""nFiles"": 2,
  ""blank"": 4,
  ""comment"": 9,
  ""code"": 22},
""Properties"" :{
  ""nFiles"": 2,
  ""blank"": 0,
  ""comment"": 16,
  ""code"": 22},
""Windows Module Definition"" :{
  ""nFiles"": 3,
  ""blank"": 1,
  ""comment"": 31,
  ""code"": 13},
""Ruby"" :{
  ""nFiles"": 1,
  ""blank"": 1,
  ""comment"": 0,
  ""code"": 3},
""SUM"": {
  ""blank"": 578377,
  ""comment"": 694630,
  ""code"": 4128616,
  ""nFiles"": 13078} }
"
fastjson,"{""header"" : {
  ""cloc_url""           : ""github.com/AlDanial/cloc"",
  ""cloc_version""       : ""2.04"",
  ""elapsed_seconds""    : 33.138256072998,
  ""n_files""            : 3200,
  ""n_lines""            : 277021,
  ""files_per_second""   : 96.5651298291296,
  ""lines_per_second""   : 8359.55275949854},
""Java"" :{
  ""nFiles"": 3119,
  ""blank"": 53043,
  ""comment"": 14026,
  ""code"": 186876},
""JSON"" :{
  ""nFiles"": 46,
  ""blank"": 14,
  ""comment"": 0,
  ""code"": 16340},
""SQL"" :{
  ""nFiles"": 1,
  ""blank"": 21,
  ""comment"": 12,
  ""code"": 3992},
""Text"" :{
  ""nFiles"": 6,
  ""blank"": 327,
  ""comment"": 0,
  ""code"": 756},
""Maven"" :{
  ""nFiles"": 1,
  ""blank"": 61,
  ""comment"": 26,
  ""code"": 596},
""XML"" :{
  ""nFiles"": 11,
  ""blank"": 35,
  ""comment"": 1,
  ""code"": 321},
""Markdown"" :{
  ""nFiles"": 3,
  ""blank"": 53,
  ""comment"": 0,
  ""code"": 182},
""Kotlin"" :{
  ""nFiles"": 4,
  ""blank"": 36,
  ""comment"": 18,
  ""code"": 139},
""JavaScript"" :{
  ""nFiles"": 2,
  ""blank"": 1,
  ""comment"": 0,
  ""code"": 69},
""YAML"" :{
  ""nFiles"": 3,
  ""blank"": 5,
  ""comment"": 0,
  ""code"": 50},
""Properties"" :{
  ""nFiles"": 2,
  ""blank"": 2,
  ""comment"": 4,
  ""code"": 11},
""Bourne Shell"" :{
  ""nFiles"": 2,
  ""blank"": 0,
  ""comment"": 0,
  ""code"": 4},
""SUM"": {
  ""blank"": 53598,
  ""comment"": 14087,
  ""code"": 209336,
  ""nFiles"": 3200} }
"
butterknife,"{""header"" : {
  ""cloc_url""           : ""github.com/AlDanial/cloc"",
  ""cloc_version""       : ""2.04"",
  ""elapsed_seconds""    : 2.32941699028015,
  ""n_files""            : 230,
  ""n_lines""            : 19637,
  ""files_per_second""   : 98.7371522401142,
  ""lines_per_second""   : 8430.00634147445},
""Java"" :{
  ""nFiles"": 155,
  ""blank"": 2044,
  ""comment"": 691,
  ""code"": 13327},
""Gradle"" :{
  ""nFiles"": 14,
  ""blank"": 136,
  ""comment"": 44,
  ""code"": 595},
""Markdown"" :{
  ""nFiles"": 4,
  ""blank"": 212,
  ""comment"": 0,
  ""code"": 477},
""Kotlin"" :{
  ""nFiles"": 8,
  ""blank"": 53,
  ""comment"": 12,
  ""code"": 322},
""XML"" :{
  ""nFiles"": 18,
  ""blank"": 33,
  ""comment"": 41,
  ""code"": 319},
""HTML"" :{
  ""nFiles"": 3,
  ""blank"": 30,
  ""comment"": 0,
  ""code"": 318},
""Text"" :{
  ""nFiles"": 5,
  ""blank"": 52,
  ""comment"": 0,
  ""code"": 271},
""Bourne Shell"" :{
  ""nFiles"": 3,
  ""blank"": 37,
  ""comment"": 37,
  ""code"": 169},
""CSS"" :{
  ""nFiles"": 4,
  ""blank"": 9,
  ""comment"": 19,
  ""code"": 135},
""DOS Batch"" :{
  ""nFiles"": 1,
  ""blank"": 23,
  ""comment"": 2,
  ""code"": 59},
""YAML"" :{
  ""nFiles"": 2,
  ""blank"": 13,
  ""comment"": 4,
  ""code"": 45},
""Properties"" :{
  ""nFiles"": 9,
  ""blank"": 6,
  ""comment"": 1,
  ""code"": 38},
""JavaScript"" :{
  ""nFiles"": 2,
  ""blank"": 0,
  ""comment"": 7,
  ""code"": 29},
""ProGuard"" :{
  ""nFiles"": 2,
  ""blank"": 5,
  ""comment"": 1,
  ""code"": 21},
""SUM"": {
  ""blank"": 2653,
  ""comment"": 859,
  ""code"": 16125,
  ""nFiles"": 230} }
"
toBeTopJavaer,"{""header"" : {
  ""cloc_url""           : ""github.com/AlDanial/cloc"",
  ""cloc_version""       : ""2.04"",
  ""elapsed_seconds""    : 1.76303100585938,
  ""n_files""            : 198,
  ""n_lines""            : 19846,
  ""files_per_second""   : 112.306589811497,
  ""lines_per_second""   : 11256.7504111059},
""Markdown"" :{
  ""nFiles"": 196,
  ""blank"": 7320,
  ""comment"": 9,
  ""code"": 12448},
""HTML"" :{
  ""nFiles"": 1,
  ""blank"": 5,
  ""comment"": 6,
  ""code"": 55},
""CSS"" :{
  ""nFiles"": 1,
  ""blank"": 0,
  ""comment"": 0,
  ""code"": 3},
""SUM"": {
  ""blank"": 7325,
  ""comment"": 15,
  ""code"": 12506,
  ""nFiles"": 198} }
"
SmartRefreshLayout,"{""header"" : {
  ""cloc_url""           : ""github.com/AlDanial/cloc"",
  ""cloc_version""       : ""2.04"",
  ""elapsed_seconds""    : 4.1413049697876,
  ""n_files""            : 324,
  ""n_lines""            : 36771,
  ""files_per_second""   : 78.2362087225413,
  ""lines_per_second""   : 8879.08528066841},
""Java"" :{
  ""nFiles"": 146,
  ""blank"": 3163,
  ""comment"": 4275,
  ""code"": 18386},
""XML"" :{
  ""nFiles"": 143,
  ""blank"": 494,
  ""comment"": 153,
  ""code"": 6460},
""Markdown"" :{
  ""nFiles"": 9,
  ""blank"": 307,
  ""comment"": 16,
  ""code"": 2159},
""Gradle"" :{
  ""nFiles"": 16,
  ""blank"": 164,
  ""comment"": 42,
  ""code"": 610},
""DOS Batch"" :{
  ""nFiles"": 3,
  ""blank"": 68,
  ""comment"": 14,
  ""code"": 172},
""Bourne Again Shell"" :{
  ""nFiles"": 1,
  ""blank"": 19,
  ""comment"": 20,
  ""code"": 121},
""Properties"" :{
  ""nFiles"": 2,
  ""blank"": 8,
  ""comment"": 13,
  ""code"": 17},
""ProGuard"" :{
  ""nFiles"": 3,
  ""blank"": 15,
  ""comment"": 61,
  ""code"": 9},
""YAML"" :{
  ""nFiles"": 1,
  ""blank"": 3,
  ""comment"": 1,
  ""code"": 1},
""SUM"": {
  ""blank"": 4241,
  ""comment"": 4595,
  ""code"": 27935,
  ""nFiles"": 324} }
"
proxyee-down,"{""header"" : {
  ""cloc_url""           : ""github.com/AlDanial/cloc"",
  ""cloc_version""       : ""2.04"",
  ""elapsed_seconds""    : 1.25547313690186,
  ""n_files""            : 83,
  ""n_lines""            : 8942,
  ""files_per_second""   : 66.1105343956781,
  ""lines_per_second""   : 7122.41444055607},
""Java"" :{
  ""nFiles"": 42,
  ""blank"": 501,
  ""comment"": 276,
  ""code"": 3911},
""Vuejs Component"" :{
  ""nFiles"": 11,
  ""blank"": 96,
  ""comment"": 40,
  ""code"": 2316},
""JavaScript"" :{
  ""nFiles"": 13,
  ""blank"": 39,
  ""comment"": 108,
  ""code"": 1181},
""Maven"" :{
  ""nFiles"": 3,
  ""blank"": 10,
  ""comment"": 0,
  ""code"": 193},
""JSON"" :{
  ""nFiles"": 2,
  ""blank"": 0,
  ""comment"": 0,
  ""code"": 71},
""YAML"" :{
  ""nFiles"": 6,
  ""blank"": 0,
  ""comment"": 1,
  ""code"": 65},
""Markdown"" :{
  ""nFiles"": 2,
  ""blank"": 17,
  ""comment"": 4,
  ""code"": 41},
""XML"" :{
  ""nFiles"": 2,
  ""blank"": 0,
  ""comment"": 2,
  ""code"": 37},
""HTML"" :{
  ""nFiles"": 1,
  ""blank"": 3,
  ""comment"": 1,
  ""code"": 21},
""Text"" :{
  ""nFiles"": 1,
  ""blank"": 0,
  ""comment"": 0,
  ""code"": 8},
""SUM"": {
  ""blank"": 666,
  ""comment"": 432,
  ""code"": 7844,
  ""nFiles"": 83} }
"
EventBus,"{""header"" : {
  ""cloc_url""           : ""github.com/AlDanial/cloc"",
  ""cloc_version""       : ""2.04"",
  ""elapsed_seconds""    : 1.4134829044342,
  ""n_files""            : 126,
  ""n_lines""            : 9883,
  ""files_per_second""   : 89.1415096742439,
  ""lines_per_second""   : 6991.94873103613},
""Java"" :{
  ""nFiles"": 97,
  ""blank"": 1140,
  ""comment"": 1718,
  ""code"": 5038},
""CSS"" :{
  ""nFiles"": 1,
  ""blank"": 10,
  ""comment"": 31,
  ""code"": 533},
""Gradle"" :{
  ""nFiles"": 10,
  ""blank"": 73,
  ""comment"": 26,
  ""code"": 390},
""XML"" :{
  ""nFiles"": 6,
  ""blank"": 37,
  ""comment"": 0,
  ""code"": 240},
""Markdown"" :{
  ""nFiles"": 4,
  ""blank"": 51,
  ""comment"": 0,
  ""code"": 220},
""Bourne Shell"" :{
  ""nFiles"": 1,
  ""blank"": 23,
  ""comment"": 36,
  ""code"": 126},
""DOS Batch"" :{
  ""nFiles"": 1,
  ""blank"": 21,
  ""comment"": 2,
  ""code"": 66},
""YAML"" :{
  ""nFiles"": 1,
  ""blank"": 5,
  ""comment"": 2,
  ""code"": 21},
""Text"" :{
  ""nFiles"": 1,
  ""blank"": 2,
  ""comment"": 0,
  ""code"": 18},
""ProGuard"" :{
  ""nFiles"": 2,
  ""blank"": 5,
  ""comment"": 21,
  ""code"": 9},
""Properties"" :{
  ""nFiles"": 2,
  ""blank"": 1,
  ""comment"": 12,
  ""code"": 6},
""SUM"": {
  ""blank"": 1368,
  ""comment"": 1848,
  ""code"": 6667,
  ""nFiles"": 126} }
"
