nameWithOwner,stargazerCount,forkCount,url,createdAt,releaseCount
Snailclimb/JavaGuide,148841,45770,https://github.com/Snailclimb/JavaGuide,2018-05-07T13:27:00Z,
krahets/hello-algo,110906,13820,https://github.com/krahets/hello-algo,2022-11-04T11:08:34Z,
iluwatar/java-design-patterns,91038,26851,https://github.com/iluwatar/java-design-patterns,2014-08-09T16:45:18Z,
macrozheng/mall,79613,29114,https://github.com/macrozheng/mall,2018-04-04T01:11:44Z,
doocs/advanced-java,77283,19167,https://github.com/doocs/advanced-java,2018-10-06T11:38:30Z,
spring-projects/spring-boot,76533,41000,https://github.com/spring-projects/spring-boot,2012-10-19T15:02:57Z,
MisterBooo/LeetCodeAnimation,75780,13980,https://github.com/MisterBooo/LeetCodeAnimation,2018-12-06T08:01:22Z,
elastic/elasticsearch,72076,25104,https://github.com/elastic/elasticsearch,2010-02-08T13:20:56Z,
kdn251/interviews,64030,12916,https://github.com/kdn251/interviews,2017-02-14T18:19:25Z,
TheAlgorithms/Java,61150,19813,https://github.com/TheAlgorithms/Java,2016-07-16T10:21:02Z,
spring-projects/spring-framework,57612,38394,https://github.com/spring-projects/spring-framework,2010-12-08T04:04:45Z,
NationalSecurityAgency/ghidra,55612,6232,https://github.com/NationalSecurityAgency/ghidra,2019-03-01T03:27:48Z,
Stirling-Tools/Stirling-PDF,54713,4543,https://github.com/Stirling-Tools/Stirling-PDF,2023-01-27T18:22:42Z,
google/guava,50603,10963,https://github.com/google/guava,2014-05-29T16:23:17Z,
ReactiveX/RxJava,48054,7607,https://github.com/ReactiveX/RxJava,2013-01-08T20:11:48Z,
skylot/jadx,43263,5011,https://github.com/skylot/jadx,2013-03-18T17:08:21Z,
dbeaver/dbeaver,42371,3603,https://github.com/dbeaver/dbeaver,2015-10-21T08:26:28Z,
jeecgboot/JeecgBoot,41976,15181,https://github.com/jeecgboot/JeecgBoot,2018-11-26T10:40:00Z,
apache/dubbo,40840,26500,https://github.com/apache/dubbo,2012-06-19T07:56:02Z,
termux/termux-app,39958,4289,https://github.com/termux/termux-app,2015-10-23T09:42:46Z,
PhilJay/MPAndroidChart,37875,9037,https://github.com/PhilJay/MPAndroidChart,2014-04-25T14:29:47Z,
eugenp/tutorials,37101,54394,https://github.com/eugenp/tutorials,2013-04-29T18:26:36Z,
alibaba/arthas,36084,7538,https://github.com/alibaba/arthas,2018-08-29T17:15:57Z,
geekxh/hello-algorithm,35527,6470,https://github.com/geekxh/hello-algorithm,2020-05-29T05:47:09Z,
airbnb/lottie-android,35251,5437,https://github.com/airbnb/lottie-android,2016-10-06T22:42:42Z,
halo-dev/halo,35039,9842,https://github.com/halo-dev/halo,2018-03-21T12:56:52Z,
bumptech/glide,34819,6148,https://github.com/bumptech/glide,2013-07-08T22:52:33Z,
netty/netty,33904,16036,https://github.com/netty/netty,2010-11-09T09:22:21Z,
xkcoding/spring-boot-demo,33514,10953,https://github.com/xkcoding/spring-boot-demo,2017-11-10T06:27:29Z,
Blankj/AndroidUtilCode,33504,10710,https://github.com/Blankj/AndroidUtilCode,2016-07-30T18:18:32Z,
doocs/leetcode,33376,8784,https://github.com/doocs/leetcode,2018-09-16T14:03:03Z,
TeamNewPipe/NewPipe,33294,3155,https://github.com/TeamNewPipe/NewPipe,2015-09-03T23:39:26Z,
alibaba/easyexcel,33234,7617,https://github.com/alibaba/easyexcel,2018-02-06T03:14:08Z,
zxing/zxing,33169,9384,https://github.com/zxing/zxing,2011-10-12T14:07:27Z,
SeleniumHQ/selenium,31929,8369,https://github.com/SeleniumHQ/selenium,2013-01-14T21:40:56Z,
alibaba/nacos,31016,12966,https://github.com/alibaba/nacos,2018-06-15T06:49:27Z,
binarywang/WxJava,30769,8807,https://github.com/binarywang/WxJava,2016-01-06T08:24:05Z,
ityouknow/spring-boot-examples,30409,12340,https://github.com/ityouknow/spring-boot-examples,2016-11-05T05:32:33Z,
YunaiV/ruoyi-vue-pro,29866,6443,https://github.com/YunaiV/ruoyi-vue-pro,2021-01-24T03:18:25Z,
apache/kafka,29724,14247,https://github.com/apache/kafka,2011-08-15T18:06:16Z,
chinabugotech/hutool,29646,7568,https://github.com/chinabugotech/hutool,2014-04-13T07:23:51Z,
apolloconfig/apollo,29386,10225,https://github.com/apolloconfig/apollo,2016-03-04T10:24:23Z,
alibaba/canal,28914,7648,https://github.com/alibaba/canal,2013-01-13T10:59:52Z,
wuyouzhuguli/SpringAll,28682,8183,https://github.com/wuyouzhuguli/SpringAll,2018-05-02T02:48:44Z,
xuxueli/xxl-job,28480,11115,https://github.com/xuxueli/xxl-job,2015-11-28T12:59:34Z,
alibaba/spring-cloud-alibaba,28320,8385,https://github.com/alibaba/spring-cloud-alibaba,2017-12-01T20:49:15Z,
alibaba/druid,28091,8595,https://github.com/alibaba/druid,2011-11-03T05:12:51Z,
lenve/vhr,27668,10303,https://github.com/lenve/vhr,2018-01-04T08:57:51Z,
crossoverJie/JCSprout,27110,7075,https://github.com/crossoverJie/JCSprout,2017-12-17T09:06:50Z,
qiurunze123/miaosha,26283,6618,https://github.com/qiurunze123/miaosha,2018-09-14T04:36:24Z,
keycloak/keycloak,26112,7156,https://github.com/keycloak/keycloak,2013-07-02T13:38:51Z,
DrKLO/Telegram,25927,8302,https://github.com/DrKLO/Telegram,2013-10-25T14:08:10Z,
alibaba/fastjson,25774,6490,https://github.com/alibaba/fastjson,2011-11-03T06:58:52Z,
apache/incubator-seata,25553,8805,https://github.com/apache/incubator-seata,2018-12-28T08:37:22Z,
JakeWharton/butterknife,25528,4597,https://github.com/JakeWharton/butterknife,2013-03-05T08:18:59Z,
hollischuang/toBeTopJavaer,25420,5452,https://github.com/hollischuang/toBeTopJavaer,2018-10-25T09:54:54Z,
scwang90/SmartRefreshLayout,25059,4968,https://github.com/scwang90/SmartRefreshLayout,2017-06-02T09:52:50Z,
proxyee-down-org/proxyee-down,24901,4426,https://github.com/proxyee-down-org/proxyee-down,2017-10-25T10:07:27Z,
greenrobot/EventBus,24741,4672,https://github.com/greenrobot/EventBus,2012-07-16T16:55:40Z,
apache/flink,24652,13466,https://github.com/apache/flink,2014-06-07T07:00:10Z,
Netflix/Hystrix,24277,4729,https://github.com/Netflix/Hystrix,2012-11-19T20:14:46Z,
apache/skywalking,24164,6564,https://github.com/apache/skywalking,2015-11-07T03:30:36Z,
libgdx/libgdx,23843,6476,https://github.com/libgdx/libgdx,2012-08-10T19:34:38Z,
bazelbuild/bazel,23809,4157,https://github.com/bazelbuild/bazel,2014-06-12T16:00:38Z,
jenkinsci/jenkins,23772,9006,https://github.com/jenkinsci/jenkins,2010-11-22T21:21:23Z,
redisson/redisson,23687,5422,https://github.com/redisson/redisson,2014-01-11T14:06:25Z,
google/gson,23630,4312,https://github.com/google/gson,2015-03-19T18:21:20Z,
Anuken/Mindustry,23496,3046,https://github.com/Anuken/Mindustry,2017-04-30T01:24:29Z,
OpenAPITools/openapi-generator,23178,6822,https://github.com/OpenAPITools/openapi-generator,2018-05-12T09:57:56Z,
alibaba/Sentinel,22633,8070,https://github.com/alibaba/Sentinel,2018-04-04T06:37:33Z,
doocs/source-code-hunter,22565,4172,https://github.com/doocs/source-code-hunter,2019-10-28T01:35:10Z,
EnterpriseQualityCoding/FizzBuzzEnterpriseEdition,22250,773,https://github.com/EnterpriseQualityCoding/FizzBuzzEnterpriseEdition,2012-11-24T00:14:41Z,
yuliskov/SmartTube,21906,1178,https://github.com/yuliskov/SmartTube,2020-07-28T12:53:52Z,
google/ExoPlayer,21806,6036,https://github.com/google/ExoPlayer,2014-06-13T21:19:18Z,
ashishps1/awesome-system-design-resources,21734,5200,https://github.com/ashishps1/awesome-system-design-resources,2023-10-25T01:50:42Z,
apache/rocketmq,21638,11811,https://github.com/apache/rocketmq,2016-11-30T08:00:08Z,
iBotPeaches/Apktool,21573,3682,https://github.com/iBotPeaches/Apktool,2012-03-19T17:46:53Z,
elunez/eladmin,21557,7383,https://github.com/elunez/eladmin,2018-12-14T08:54:24Z,
CodePhiliaX/Chat2DB,21513,2363,https://github.com/CodePhiliaX/Chat2DB,2023-06-20T14:05:26Z,
oracle/graal,20732,1683,https://github.com/oracle/graal,2016-01-14T17:11:35Z,
openjdk/jdk,20662,5759,https://github.com/openjdk/jdk,2018-09-17T12:29:20Z,
CarGuo/GSYVideoPlayer,20607,4242,https://github.com/CarGuo/GSYVideoPlayer,2016-11-13T12:34:31Z,
conductor-oss/conductor,20389,556,https://github.com/conductor-oss/conductor,2023-12-08T06:06:09Z,
brettwooldridge/HikariCP,20327,2971,https://github.com/brettwooldridge/HikariCP,2013-10-08T05:43:03Z,
didi/DoKit,20290,3145,https://github.com/didi/DoKit,2018-08-14T10:32:07Z,
apache/shardingsphere,20127,6785,https://github.com/apache/shardingsphere,2016-01-18T12:49:26Z,
mybatis/mybatis-3,20011,12923,https://github.com/mybatis/mybatis-3,2013-02-14T19:03:32Z,
ReactiveX/RxAndroid,19863,2947,https://github.com/ReactiveX/RxAndroid,2014-08-19T03:46:38Z,
dataease/dataease,19678,3508,https://github.com/dataease/dataease,2021-02-02T04:10:21Z,
linlinjava/litemall,19556,7260,https://github.com/linlinjava/litemall,2018-03-22T16:42:30Z,
LSPosed/LSPosed,19523,3191,https://github.com/LSPosed/LSPosed,2020-12-12T08:39:37Z,
yudaocode/SpringBoot-Labs,19476,6079,https://github.com/yudaocode/SpringBoot-Labs,2018-09-12T14:51:46Z,
Baseflow/PhotoView,18833,3930,https://github.com/Baseflow/PhotoView,2012-07-17T16:39:00Z,
dianping/cat,18816,5429,https://github.com/dianping/cat,2012-12-05T02:31:48Z,
kunal-kushwaha/DSA-Bootcamp-Java,18618,11752,https://github.com/kunal-kushwaha/DSA-Bootcamp-Java,2021-07-30T12:23:25Z,
thingsboard/thingsboard,18487,5460,https://github.com/thingsboard/thingsboard,2016-12-01T09:33:30Z,
forezp/SpringCloudLearning,17923,8057,https://github.com/forezp/SpringCloudLearning,2017-04-08T10:06:56Z,
williamfiset/Algorithms,17769,4443,https://github.com/williamfiset/Algorithms,2017-03-18T02:50:46Z,
JetBrains/intellij-community,17762,5365,https://github.com/JetBrains/intellij-community,2011-09-30T13:33:05Z,
antlr/antlr4,17723,3340,https://github.com/antlr/antlr4,2010-02-04T01:36:28Z,
LMAX-Exchange/disruptor,17683,3938,https://github.com/LMAX-Exchange/disruptor,2012-09-21T13:42:24Z,
Tencent/APIJSON,17580,2194,https://github.com/Tencent/APIJSON,2016-11-21T12:03:29Z,
Tencent/tinker,17259,3346,https://github.com/Tencent/tinker,2016-09-06T06:57:52Z,
dromara/Sa-Token,17232,2675,https://github.com/dromara/Sa-Token,2020-02-03T10:34:29Z,
openzipkin/zipkin,17150,3103,https://github.com/openzipkin/zipkin,2012-06-06T18:26:16Z,
facebook/fresco,17099,3758,https://github.com/facebook/fresco,2015-03-02T09:58:04Z,
YunaiV/yudao-cloud,16927,4192,https://github.com/YunaiV/yudao-cloud,2019-05-02T16:06:49Z,
infinilabs/analysis-ik,16881,3291,https://github.com/infinilabs/analysis-ik,2011-12-16T09:01:45Z,
justauth/JustAuth,16814,2795,https://github.com/justauth/JustAuth,2019-01-31T09:42:20Z,
nostra13/Android-Universal-Image-Loader,16776,6086,https://github.com/nostra13/Android-Universal-Image-Loader,2011-11-27T18:48:23Z,
winterbe/java8-tutorial,16773,4046,https://github.com/winterbe/java8-tutorial,2014-03-16T17:25:43Z,
baomidou/mybatis-plus,16732,4345,https://github.com/baomidou/mybatis-plus,2016-08-18T10:06:53Z,
shuzheng/zheng,16713,7360,https://github.com/shuzheng/zheng,2016-10-04T10:07:06Z,
material-components/material-components-android,16625,3118,https://github.com/material-components/material-components-android,2016-12-05T16:11:29Z,
kestra-io/kestra,16553,1397,https://github.com/kestra-io/kestra,2019-08-24T13:56:15Z,
Grasscutters/Grasscutter,16473,4466,https://github.com/Grasscutters/Grasscutter,2022-04-17T12:43:46Z,
JeffLi1993/springboot-learning-example,16449,7126,https://github.com/JeffLi1993/springboot-learning-example,2017-02-06T07:02:25Z,
ben-manes/caffeine,16413,1626,https://github.com/ben-manes/caffeine,2014-12-13T08:45:11Z,
alibaba/DataX,16309,5510,https://github.com/alibaba/DataX,2018-01-18T10:09:47Z,
heibaiying/BigData-Notes,16285,4274,https://github.com/heibaiying/BigData-Notes,2019-03-10T01:40:01Z,
prestodb/presto,16279,5433,https://github.com/prestodb/presto,2012-08-09T01:03:37Z,
xiaojieonly/Ehviewer_CN_SXJ,16275,442,https://github.com/xiaojieonly/Ehviewer_CN_SXJ,2020-11-09T06:14:31Z,
dyc87112/SpringBoot-Learning,15771,4879,https://github.com/dyc87112/SpringBoot-Learning,2016-08-21T03:39:06Z,
android-hacker/VirtualXposed,15629,2505,https://github.com/android-hacker/VirtualXposed,2017-12-01T09:00:58Z,
gyoogle/tech-interview-for-developer,15538,3522,https://github.com/gyoogle/tech-interview-for-developer,2019-06-09T04:42:57Z,
android10/Android-CleanArchitecture,15534,3314,https://github.com/android10/Android-CleanArchitecture,2014-08-19T14:09:26Z,
mockito/mockito,15091,2603,https://github.com/mockito/mockito,2012-10-13T20:27:12Z,
questdb/questdb,15002,1219,https://github.com/questdb/questdb,2014-04-28T23:29:15Z,
apache/hadoop,14999,9020,https://github.com/apache/hadoop,2014-08-28T07:00:08Z,
Konloch/bytecode-viewer,14912,1172,https://github.com/Konloch/bytecode-viewer,2014-10-14T10:26:46Z,
zhisheng17/flink-learning,14701,3926,https://github.com/zhisheng17/flink-learning,2019-01-01T07:38:28Z,
hdodenhof/CircleImageView,14546,3115,https://github.com/hdodenhof/CircleImageView,2014-01-17T16:44:46Z,
apache/pulsar,14507,3624,https://github.com/apache/pulsar,2016-06-28T07:00:03Z,
Tencent/QMUI_Android,14475,2677,https://github.com/Tencent/QMUI_Android,2017-04-21T10:03:18Z,
alibaba/ARouter,14473,2616,https://github.com/alibaba/ARouter,2016-12-14T01:27:49Z,
eclipse-vertx/vert.x,14440,2088,https://github.com/eclipse-vertx/vert.x,2011-06-17T14:54:55Z,
elastic/logstash,14392,3516,https://github.com/elastic/logstash,2010-11-18T01:31:50Z,
java-decompiler/jd-gui,14385,2419,https://github.com/java-decompiler/jd-gui,2015-03-25T05:28:41Z,
arduino/Arduino,14288,6996,https://github.com/arduino/Arduino,2010-09-17T19:10:36Z,
quarkusio/quarkus,14243,2791,https://github.com/quarkusio/quarkus,2018-07-06T00:44:20Z,
neo4j/neo4j,13996,2419,https://github.com/neo4j/neo4j,2012-11-12T08:46:15Z,
supertokens/supertokens-core,13975,568,https://github.com/supertokens/supertokens-core,2020-01-05T13:30:52Z,
deeplearning4j/deeplearning4j,13881,3846,https://github.com/deeplearning4j/deeplearning4j,2013-11-27T02:03:28Z,
orhanobut/logger,13849,2140,https://github.com/orhanobut/logger,2015-03-20T22:30:12Z,
GoogleContainerTools/jib,13842,1441,https://github.com/GoogleContainerTools/jib,2018-01-22T18:30:43Z,
theonedev/onedev,13790,883,https://github.com/theonedev/onedev,2018-11-06T02:57:01Z,
Netflix/zuul,13657,2408,https://github.com/Netflix/zuul,2013-03-13T18:53:57Z,
apache/druid,13645,3731,https://github.com/apache/druid,2012-10-23T19:08:07Z,
Curzibn/Luban,13631,2247,https://github.com/Curzibn/Luban,2016-07-24T07:43:21Z,
seaswalker/spring-analysis,13609,4183,https://github.com/seaswalker/spring-analysis,2016-09-09T07:46:32Z,
JessYanCoding/AndroidAutoSize,13593,1988,https://github.com/JessYanCoding/AndroidAutoSize,2018-08-17T09:04:19Z,
pinpoint-apm/pinpoint,13550,3775,https://github.com/pinpoint-apm/pinpoint,2014-10-20T09:27:22Z,
tink-crypto/tink,13525,1184,https://github.com/tink-crypto/tink,2014-06-06T16:21:09Z,
lgvalle/Material-Animations,13514,2471,https://github.com/lgvalle/Material-Animations,2015-03-08T20:54:00Z,
Bigkoo/Android-PickerView,13471,3457,https://github.com/Bigkoo/Android-PickerView,2014-12-28T01:46:38Z,
sqshq/piggymetrics,13426,6197,https://github.com/sqshq/piggymetrics,2015-03-29T17:56:31Z,
LuckSiege/PictureSelector,13409,3036,https://github.com/LuckSiege/PictureSelector,2017-01-04T07:47:39Z,
zaproxy/zaproxy,13366,2341,https://github.com/zaproxy/zaproxy,2015-06-03T16:55:01Z,
apache/doris,13366,3384,https://github.com/apache/doris,2017-08-10T12:13:30Z,
apache/dolphinscheduler,13341,4736,https://github.com/apache/dolphinscheduler,2019-03-01T16:39:25Z,
DuGuQiuBai/Java,13224,5097,https://github.com/DuGuQiuBai/Java,2015-11-25T07:30:08Z,
janishar/mit-deep-learning-book-pdf,13215,2775,https://github.com/janishar/mit-deep-learning-book-pdf,2017-04-07T10:46:50Z,
macrozheng/mall-learning,13098,8331,https://github.com/macrozheng/mall-learning,2019-04-12T13:20:31Z,
projectlombok/lombok,13077,2426,https://github.com/projectlombok/lombok,2009-06-08T19:46:41Z,
youth5201314/banner,12976,2523,https://github.com/youth5201314/banner,2016-04-22T05:50:25Z,
languagetool-org/languagetool,12920,1421,https://github.com/languagetool-org/languagetool,2013-08-08T16:37:22Z,
Netflix/conductor,12793,2339,https://github.com/Netflix/conductor,2016-12-07T22:48:42Z,
facebook/stetho,12693,1128,https://github.com/facebook/stetho,2015-01-22T22:34:10Z,
greenrobot/greenDAO,12623,2887,https://github.com/greenrobot/greenDAO,2011-10-22T16:15:14Z,
pxb1988/dex2jar,12599,2148,https://github.com/pxb1988/dex2jar,2015-03-16T09:13:07Z,
google/guice,12584,1670,https://github.com/google/guice,2014-05-28T23:18:53Z,
cryptomator/cryptomator,12575,1084,https://github.com/cryptomator/cryptomator,2014-02-02T00:43:47Z,
zhihu/Matisse,12548,2063,https://github.com/zhihu/Matisse,2017-04-13T01:31:05Z,
Netflix/eureka,12511,3763,https://github.com/Netflix/eureka,2012-07-26T22:23:07Z,
codecentric/spring-boot-admin,12510,3081,https://github.com/codecentric/spring-boot-admin,2014-07-25T11:39:13Z,
daimajia/AndroidViewAnimations,12451,2424,https://github.com/daimajia/AndroidViewAnimations,2014-06-23T03:53:13Z,
apache/zookeeper,12418,7269,https://github.com/apache/zookeeper,2009-03-27T15:41:56Z,
daimajia/AndroidSwipeLayout,12400,2669,https://github.com/daimajia/AndroidSwipeLayout,2014-08-25T04:09:33Z,
alibaba/COLA,12298,3140,https://github.com/alibaba/COLA,2018-02-06T13:46:27Z,
pagehelper/Mybatis-PageHelper,12282,3135,https://github.com/pagehelper/Mybatis-PageHelper,2014-06-09T15:32:30Z,
macrozheng/mall-swarm,12211,5355,https://github.com/macrozheng/mall-swarm,2019-11-25T06:55:31Z,
kekingcn/kkFileView,12035,2891,https://github.com/kekingcn/kkFileView,2017-12-12T11:41:08Z,
redis/jedis,11998,3884,https://github.com/redis/jedis,2010-06-11T13:04:43Z,
Yalantis/uCrop,11960,2190,https://github.com/Yalantis/uCrop,2016-01-05T13:41:06Z,
metersphere/metersphere,11910,2648,https://github.com/metersphere/metersphere,2020-02-03T02:06:12Z,
Tencent/VasSonic,11851,1616,https://github.com/Tencent/VasSonic,2017-08-01T08:35:13Z,
Tencent/matrix,11768,1893,https://github.com/Tencent/matrix,2018-12-11T07:08:02Z,
amitshekhariitbhu/android-interview-questions,11728,2298,https://github.com/amitshekhariitbhu/android-interview-questions,2017-07-09T18:47:24Z,
grpc/grpc-java,11651,3887,https://github.com/grpc/grpc-java,2014-12-08T19:00:00Z,
frank-lam/fullstack-tutorial,11631,2441,https://github.com/frank-lam/fullstack-tutorial,2018-04-13T01:50:10Z,
code4craft/webmagic,11524,4175,https://github.com/code4craft/webmagic,2013-04-23T12:57:36Z,
realm/realm-java,11483,1754,https://github.com/realm/realm-java,2012-04-20T09:18:42Z,
careercup/CtCI-6th-Edition,11402,4419,https://github.com/careercup/CtCI-6th-Edition,2015-07-02T06:28:46Z,
gyf-dev/ImmersionBar,11376,1903,https://github.com/gyf-dev/ImmersionBar,2017-04-19T05:10:09Z,
Team-xManager/xManager,11302,306,https://github.com/Team-xManager/xManager,2021-02-08T11:31:10Z,
newbee-ltd/newbee-mall,11267,2728,https://github.com/newbee-ltd/newbee-mall,2019-09-21T03:56:04Z,
permissions-dispatcher/PermissionsDispatcher,11228,1438,https://github.com/permissions-dispatcher/PermissionsDispatcher,2015-08-15T21:41:05Z,
OpenRefine/OpenRefine,11213,2034,https://github.com/OpenRefine/OpenRefine,2012-10-15T02:22:48Z,
debezium/debezium,11210,2624,https://github.com/debezium/debezium,2016-01-22T20:17:05Z,
plantuml/plantuml,11163,1018,https://github.com/plantuml/plantuml,2010-11-04T15:55:50Z,
mission-peace/interview,11140,5173,https://github.com/mission-peace/interview,2014-07-20T21:27:31Z,
H07000223/FlycoTabLayout,11091,2415,https://github.com/H07000223/FlycoTabLayout,2015-11-09T01:53:19Z,
jhy/jsoup,11086,2222,https://github.com/jhy/jsoup,2009-12-19T01:29:58Z,
lingochamp/FileDownloader,11079,2208,https://github.com/lingochamp/FileDownloader,2015-12-22T11:17:16Z,
jfeinstein10/SlidingMenu,11061,5026,https://github.com/jfeinstein10/SlidingMenu,2012-06-30T05:14:23Z,
androidannotations/androidannotations,11043,2343,https://github.com/androidannotations/androidannotations,2012-01-06T08:48:03Z,
apereo/cas,11042,3949,https://github.com/apereo/cas,2011-09-09T01:36:42Z,
daniulive/SmarterStreaming,11028,2762,https://github.com/daniulive/SmarterStreaming,2016-03-26T14:46:02Z,
trinodb/trino,11020,3140,https://github.com/trinodb/trino,2019-01-19T06:38:14Z,
square/javapoet,10857,1387,https://github.com/square/javapoet,2013-02-01T16:56:30Z,
alibaba/vlayout,10790,1792,https://github.com/alibaba/vlayout,2017-02-27T08:11:47Z,
aosp-mirror/platform_frameworks_base,10708,6321,https://github.com/aosp-mirror/platform_frameworks_base,2008-10-21T18:20:37Z,
doocs/jvm,10671,2290,https://github.com/doocs/jvm,2018-06-23T01:12:59Z,
PaperMC/Paper,10661,2469,https://github.com/PaperMC/Paper,2016-01-22T05:40:19Z,
android-async-http/android-async-http,10632,4084,https://github.com/android-async-http/android-async-http,2011-02-20T03:25:07Z,
TooTallNate/Java-WebSocket,10625,2591,https://github.com/TooTallNate/Java-WebSocket,2010-01-20T23:33:04Z,
jeasonlzy/okhttp-OkGo,10611,2554,https://github.com/jeasonlzy/okhttp-OkGo,2016-01-15T10:35:24Z,
clojure/clojure,10576,1469,https://github.com/clojure/clojure,2010-06-29T20:03:33Z,
jwtk/jjwt,10548,1348,https://github.com/jwtk/jjwt,2014-09-13T01:06:24Z,
apple/pkl,10541,297,https://github.com/apple/pkl,2024-01-19T17:28:45Z,
google/auto,10488,1204,https://github.com/google/auto,2013-05-22T21:41:56Z,
provectus/kafka-ui,10488,1255,https://github.com/provectus/kafka-ui,2019-11-26T15:55:55Z,
lipangit/JiaoZiVideoPlayer,10487,2426,https://github.com/lipangit/JiaoZiVideoPlayer,2016-02-06T11:04:24Z,
tbruyelle/RxPermissions,10483,1321,https://github.com/tbruyelle/RxPermissions,2015-09-29T13:55:09Z,
asLody/VirtualApp,10457,2937,https://github.com/asLody/VirtualApp,2016-07-06T13:25:23Z,
datahub-project/datahub,10443,3070,https://github.com/datahub-project/datahub,2015-11-18T05:47:40Z,
opensearch-project/OpenSearch,10388,1967,https://github.com/opensearch-project/OpenSearch,2021-01-29T22:10:00Z,
JessYanCoding/MVPArms,10283,2384,https://github.com/JessYanCoding/MVPArms,2016-08-06T08:49:56Z,
Activiti/Activiti,10271,6968,https://github.com/Activiti/Activiti,2012-09-13T11:34:43Z,
JakeWharton/ViewPagerIndicator,10120,4001,https://github.com/JakeWharton/ViewPagerIndicator,2011-08-04T17:13:44Z,
resilience4j/resilience4j,10049,1381,https://github.com/resilience4j/resilience4j,2015-06-03T09:21:01Z,
LawnchairLauncher/lawnchair,10003,1273,https://github.com/LawnchairLauncher/lawnchair,2017-03-03T13:12:58Z,
beemdevelopment/Aegis,9980,418,https://github.com/beemdevelopment/Aegis,2016-08-15T19:10:31Z,
xpipe-io/xpipe,9966,350,https://github.com/xpipe-io/xpipe,2023-01-27T02:25:38Z,
zfile-dev/zfile,9935,1870,https://github.com/zfile-dev/zfile,2019-08-19T13:57:56Z,
wasabeef/glide-transformations,9921,1407,https://github.com/wasabeef/glide-transformations,2015-01-09T10:33:29Z,
awsdocs/aws-doc-sdk-examples,9891,5738,https://github.com/awsdocs/aws-doc-sdk-examples,2016-08-18T19:06:57Z,
googlesamples/easypermissions,9889,1457,https://github.com/googlesamples/easypermissions,2015-12-22T18:05:53Z,
paascloud/paascloud-master,9877,4303,https://github.com/paascloud/paascloud-master,2018-03-17T05:40:43Z,
ssssssss-team/spider-flow,9866,1906,https://github.com/ssssssss-team/spider-flow,2020-03-27T11:07:15Z,
stanfordnlp/CoreNLP,9825,2712,https://github.com/stanfordnlp/CoreNLP,2013-06-27T21:13:49Z,
uknownothingsnow/JsBridge,9823,2021,https://github.com/uknownothingsnow/JsBridge,2015-02-26T12:10:58Z,
hackware1993/MagicIndicator,9766,1552,https://github.com/hackware1993/MagicIndicator,2016-06-26T08:20:43Z,
HarlonWang/AVLoadingIndicatorView,9754,1891,https://github.com/HarlonWang/AVLoadingIndicatorView,2015-10-24T20:18:33Z,
YoKeyword/Fragmentation,9726,2113,https://github.com/YoKeyword/Fragmentation,2016-02-23T08:54:55Z,
StarRocks/starrocks,9713,1941,https://github.com/StarRocks/starrocks,2021-09-04T02:29:35Z,
perwendel/spark,9653,1567,https://github.com/perwendel/spark,2011-05-05T11:52:05Z,
ksoichiro/Android-ObservableScrollView,9653,2060,https://github.com/ksoichiro/Android-ObservableScrollView,2014-11-08T14:45:20Z,
react-native-camera/react-native-camera,9649,3538,https://github.com/react-native-camera/react-native-camera,2015-04-01T00:54:40Z,
lihengming/spring-boot-api-project-seed,9628,3785,https://github.com/lihengming/spring-boot-api-project-seed,2017-06-23T10:06:30Z,
OpenFeign/feign,9618,1939,https://github.com/OpenFeign/feign,2013-06-26T23:28:16Z,
microg/GmsCore,9592,1845,https://github.com/microg/GmsCore,2014-04-23T19:28:47Z,
liaohuqiu/android-Ultra-Pull-To-Refresh,9580,2650,https://github.com/liaohuqiu/android-Ultra-Pull-To-Refresh,2014-11-13T03:13:10Z,
koral--/android-gif-drawable,9579,1782,https://github.com/koral--/android-gif-drawable,2013-01-30T01:37:46Z,
bilibili/DanmakuFlameMaster,9568,2112,https://github.com/bilibili/DanmakuFlameMaster,2013-08-11T12:18:50Z,
MyCATApache/Mycat-Server,9546,3848,https://github.com/MyCATApache/Mycat-Server,2014-12-04T02:46:54Z,
umano/AndroidSlidingUpPanel,9509,2262,https://github.com/umano/AndroidSlidingUpPanel,2013-05-31T18:33:53Z,
signalapp/Signal-Server,9438,2218,https://github.com/signalapp/Signal-Server,2013-12-09T07:10:36Z,
SonarSource/sonarqube,9422,2056,https://github.com/SonarSource/sonarqube,2011-01-05T11:05:17Z,
pockethub/PocketHub,9388,3449,https://github.com/pockethub/PocketHub,2011-09-08T16:52:50Z,
crossoverJie/cim,9385,2862,https://github.com/crossoverJie/cim,2018-05-20T15:55:56Z,
Justson/AgentWeb,9303,1647,https://github.com/Justson/AgentWeb,2017-05-12T07:45:56Z,
xuchengsheng/spring-reading,9296,1154,https://github.com/xuchengsheng/spring-reading,2023-09-15T06:42:44Z,
android/testing-samples,9244,3636,https://github.com/android/testing-samples,2014-10-11T03:51:27Z,
GcsSloop/AndroidNote,9232,2141,https://github.com/GcsSloop/AndroidNote,2016-01-04T23:51:36Z,
huanghaibin-dev/CalendarView,9224,1815,https://github.com/huanghaibin-dev/CalendarView,2017-03-11T07:16:09Z,
apache/cassandra,9102,3677,https://github.com/apache/cassandra,2009-05-21T02:10:09Z,
cats-oss/android-gpuimage,9072,2274,https://github.com/cats-oss/android-gpuimage,2012-10-04T08:11:58Z,
json-path/JsonPath,9070,1666,https://github.com/json-path/JsonPath,2011-01-24T13:19:19Z,
spring-projects/spring-security,9037,6003,https://github.com/spring-projects/spring-security,2012-01-10T21:50:57Z,
didi/VirtualAPK,9017,1529,https://github.com/didi/VirtualAPK,2017-06-29T07:25:05Z,
ashishps1/awesome-leetcode-resources,9003,2184,https://github.com/ashishps1/awesome-leetcode-resources,2023-10-25T01:48:19Z,
navasmdc/MaterialDesignLibrary,8982,2216,https://github.com/navasmdc/MaterialDesignLibrary,2014-09-30T07:37:17Z,
seven332/EhViewer,8964,960,https://github.com/seven332/EhViewer,2014-05-14T12:03:52Z,
KunMinX/Jetpack-MVVM-Best-Practice,8912,1647,https://github.com/KunMinX/Jetpack-MVVM-Best-Practice,2019-10-31T05:21:01Z,
nathanmarz/storm,8821,1665,https://github.com/nathanmarz/storm,2011-09-17T07:55:13Z,
laobie/StatusBarUtil,8806,1721,https://github.com/laobie/StatusBarUtil,2016-02-15T03:06:06Z,
Freelander/Android_Data,8770,2027,https://github.com/Freelander/Android_Data,2015-04-04T01:37:44Z,
Blankj/awesome-java-leetcode,8708,1725,https://github.com/Blankj/awesome-java-leetcode,2017-04-17T15:51:41Z,
chrisbanes/Android-PullToRefresh,8701,4686,https://github.com/chrisbanes/Android-PullToRefresh,2011-11-29T09:59:56Z,
apache/jmeter,8653,2156,https://github.com/apache/jmeter,2010-05-26T23:38:07Z,
java-native-access/jna,8653,1684,https://github.com/java-native-access/jna,2011-04-29T13:30:29Z,
ybq/Android-SpinKit,8650,1312,https://github.com/ybq/Android-SpinKit,2016-03-20T08:40:51Z,
flyway/flyway,8624,1533,https://github.com/flyway/flyway,2012-12-14T18:43:22Z,
shwenzhang/AndResGuard,8584,1542,https://github.com/shwenzhang/AndResGuard,2015-10-11T11:48:06Z,
chrisjenx/Calligraphy,8584,1091,https://github.com/chrisjenx/Calligraphy,2013-12-20T02:35:45Z,
facebook/buck,8557,1153,https://github.com/facebook/buck,2013-04-17T18:12:18Z,
apache/shenyu,8554,2970,https://github.com/apache/shenyu,2018-07-11T08:17:45Z,
airbnb/epoxy,8538,727,https://github.com/airbnb/epoxy,2016-08-08T23:05:11Z,
junit-team/junit4,8531,3279,https://github.com/junit-team/junit4,2009-01-13T03:41:26Z,
react-native-image-picker/react-native-image-picker,8528,2090,https://github.com/react-native-image-picker/react-native-image-picker,2015-06-08T20:25:31Z,
dropwizard/dropwizard,8525,3441,https://github.com/dropwizard/dropwizard,2011-01-19T19:52:29Z,
checkstyle/checkstyle,8521,3822,https://github.com/checkstyle/checkstyle,2013-08-31T02:05:05Z,
karatelabs/karate,8495,1975,https://github.com/karatelabs/karate,2017-02-07T15:59:17Z,
amitshekhariitbhu/Android-Debug-Database,8465,872,https://github.com/amitshekhariitbhu/Android-Debug-Database,2016-11-16T14:20:24Z,
roughike/BottomBar,8407,1499,https://github.com/roughike/BottomBar,2016-03-16T01:31:05Z,
hs-web/hsweb-framework,8367,3049,https://github.com/hs-web/hsweb-framework,2016-01-18T03:51:39Z,
apache/seatunnel,8364,1927,https://github.com/apache/seatunnel,2017-08-05T09:14:47Z,
google/tsunami-security-scanner,8360,899,https://github.com/google/tsunami-security-scanner,2020-06-03T16:20:00Z,
flowable/flowable-engine,8304,2689,https://github.com/flowable/flowable-engine,2016-10-13T07:21:43Z,
DImuthuUpe/AndroidPdfViewer,8266,1938,https://github.com/DImuthuUpe/AndroidPdfViewer,2016-06-02T20:21:21Z,
apache/shardingsphere-elasticjob,8173,3285,https://github.com/apache/shardingsphere-elasticjob,2015-09-11T11:28:52Z,
testcontainers/testcontainers-java,8162,1686,https://github.com/testcontainers/testcontainers-java,2015-04-12T12:44:59Z,
alibaba/atlas,8140,1475,https://github.com/alibaba/atlas,2017-02-28T06:31:43Z,
florent37/MaterialViewPager,8120,1478,https://github.com/florent37/MaterialViewPager,2015-04-24T17:53:15Z,
guolindev/LitePal,8107,1586,https://github.com/guolindev/LitePal,2013-02-20T03:20:07Z,
wildfirechat/im-server,8107,1829,https://github.com/wildfirechat/im-server,2019-01-23T15:21:28Z,
alibaba/otter,8093,2494,https://github.com/alibaba/otter,2013-08-09T09:31:22Z,
apache/beam,8046,4318,https://github.com/apache/beam,2016-02-02T08:00:06Z,
frohoff/ysoserial,8045,1784,https://github.com/frohoff/ysoserial,2015-01-28T07:13:55Z,
Netflix/SimianArmy,7983,1132,https://github.com/Netflix/SimianArmy,2012-07-06T22:00:05Z,
davemorrissey/subsampling-scale-image-view,7940,1209,https://github.com/davemorrissey/subsampling-scale-image-view,2013-08-26T16:45:25Z,
pentaho/pentaho-kettle,7925,3508,https://github.com/pentaho/pentaho-kettle,2013-10-08T18:27:11Z,
JakeWharton/hugo,7923,798,https://github.com/JakeWharton/hugo,2013-11-25T09:16:40Z,
alibaba/transmittable-thread-local,7885,1703,https://github.com/alibaba/transmittable-thread-local,2013-10-13T08:48:33Z,
aritraroy/UltimateAndroidReference,7870,1289,https://github.com/aritraroy/UltimateAndroidReference,2017-04-10T07:28:27Z,
junixapp/XPopup,7861,1190,https://github.com/junixapp/XPopup,2018-12-07T06:16:48Z,
HannahMitt/HomeMirror,7852,668,https://github.com/HannahMitt/HomeMirror,2015-08-23T03:20:08Z,
dropwizard/metrics,7843,1812,https://github.com/dropwizard/metrics,2010-02-26T19:44:42Z,
LSPosed/LSPatch,7813,872,https://github.com/LSPosed/LSPatch,2021-03-01T19:38:36Z,
ChrisRM/material-theme-jetbrains,7804,448,https://github.com/ChrisRM/material-theme-jetbrains,2015-09-23T07:15:04Z,
apache/tomcat,7757,5126,https://github.com/apache/tomcat,2011-10-01T07:00:19Z,
bytedeco/javacv,7723,1604,https://github.com/bytedeco/javacv,2014-04-21T13:50:26Z,
trello-archive/RxLifecycle,7704,638,https://github.com/trello-archive/RxLifecycle,2015-07-20T13:32:23Z,
software-mansion/react-native-svg,7672,1149,https://github.com/software-mansion/react-native-svg,2016-01-17T14:29:21Z,
vipshop/vjtools,7649,1524,https://github.com/vipshop/vjtools,2018-05-29T09:07:08Z,
goldze/MVVMHabit,7645,1697,https://github.com/goldze/MVVMHabit,2017-07-21T10:38:40Z,
aeron-io/aeron,7637,912,https://github.com/aeron-io/aeron,2014-02-07T17:16:58Z,
Graylog2/graylog2-server,7608,1082,https://github.com/Graylog2/graylog2-server,2010-05-17T21:27:02Z,
cabaletta/baritone,7600,1527,https://github.com/cabaletta/baritone,2018-08-01T15:34:21Z,
gedoor/MyBookshelf,7594,1816,https://github.com/gedoor/MyBookshelf,2018-06-12T03:48:07Z,
google/android-classyshark,7563,870,https://github.com/google/android-classyshark,2015-10-12T13:40:48Z,
Tencent/Shadow,7553,1318,https://github.com/Tencent/Shadow,2019-06-13T10:50:27Z,
kaushikgopal/RxJava-Android-Samples,7538,1373,https://github.com/kaushikgopal/RxJava-Android-Samples,2014-07-23T05:13:52Z,
koush/AndroidAsync,7537,1561,https://github.com/koush/AndroidAsync,2012-08-24T07:27:04Z,
PojavLauncherTeam/PojavLauncher,7528,1390,https://github.com/PojavLauncherTeam/PojavLauncher,2020-03-11T03:22:54Z,
google/closure-compiler,7488,1161,https://github.com/google/closure-compiler,2014-04-16T15:30:36Z,
kevin-wayne/algs4,7471,2680,https://github.com/kevin-wayne/algs4,2015-08-31T09:28:49Z,
twowaits/SDE-Interview-Questions,7450,2211,https://github.com/twowaits/SDE-Interview-Questions,2017-10-25T11:08:52Z,
lecho/hellocharts-android,7443,1614,https://github.com/lecho/hellocharts-android,2014-10-12T09:12:37Z,
yuanguangxin/LeetCode,7420,1882,https://github.com/yuanguangxin/LeetCode,2020-01-11T01:02:02Z,
swagger-api/swagger-core,7417,2196,https://github.com/swagger-api/swagger-core,2011-07-05T23:44:11Z,
PowerJob/PowerJob,7390,1298,https://github.com/PowerJob/PowerJob,2020-03-16T09:19:55Z,
HMCL-dev/HMCL,7381,703,https://github.com/HMCL-dev/HMCL,2015-06-22T08:06:03Z,
dyc87112/SpringCloud-Learning,7376,2881,https://github.com/dyc87112/SpringCloud-Learning,2016-08-21T03:39:52Z,
lenve/VBlog,7369,2914,https://github.com/lenve/VBlog,2017-12-26T11:01:55Z,
abel533/Mapper,7367,1627,https://github.com/abel533/Mapper,2014-11-21T11:02:10Z,
leolin310148/ShortcutBadger,7352,1343,https://github.com/leolin310148/ShortcutBadger,2013-11-15T12:51:52Z,
Qihoo360/RePlugin,7308,1537,https://github.com/Qihoo360/RePlugin,2017-06-08T09:39:09Z,
square/dagger,7304,3072,https://github.com/square/dagger,2012-08-02T23:25:32Z,
mapstruct/mapstruct,7280,976,https://github.com/mapstruct/mapstruct,2012-05-28T12:42:42Z,
Bearded-Hen/Android-Bootstrap,7277,1420,https://github.com/Bearded-Hen/Android-Bootstrap,2013-11-01T15:36:17Z,
pedant/sweet-alert-dialog,7258,1934,https://github.com/pedant/sweet-alert-dialog,2014-10-19T09:24:09Z,
crazycodeboy/TakePhoto,7243,1506,https://github.com/crazycodeboy/TakePhoto,2015-08-04T02:05:32Z,
cymcsg/UltimateRecyclerView,7211,1420,https://github.com/cymcsg/UltimateRecyclerView,2015-01-28T02:27:45Z,
geeeeeeeeek/WeChatLuckyMoney,7209,2212,https://github.com/geeeeeeeeek/WeChatLuckyMoney,2015-09-30T16:11:20Z,
Exrick/xmall,7204,2556,https://github.com/Exrick/xmall,2017-07-28T01:49:49Z,
gocd/gocd,7202,977,https://github.com/gocd/gocd,2013-12-13T05:26:16Z,
google/agera,7179,634,https://github.com/google/agera,2015-12-17T13:22:58Z,
MinecraftForge/MinecraftForge,7096,2732,https://github.com/MinecraftForge/MinecraftForge,2012-01-30T01:35:01Z,
ogaclejapan/SmartTabLayout,7092,1338,https://github.com/ogaclejapan/SmartTabLayout,2015-02-14T11:25:51Z,
krahets/LeetCode-Book,7091,818,https://github.com/krahets/LeetCode-Book,2021-12-17T14:16:02Z,
JakeWharton/ActionBarSherlock,7085,3516,https://github.com/JakeWharton/ActionBarSherlock,2011-03-07T17:28:54Z,
apache/iceberg,7064,2442,https://github.com/apache/iceberg,2018-11-19T16:26:46Z,
didi/KnowStreaming,7056,1288,https://github.com/didi/KnowStreaming,2020-03-19T05:13:51Z,
NanoHttpd/nanohttpd,7048,1707,https://github.com/NanoHttpd/nanohttpd,2012-08-10T21:52:42Z,
naman14/Timber,7034,2157,https://github.com/naman14/Timber,2015-06-12T16:43:55Z,
NLPchina/elasticsearch-sql,7008,1541,https://github.com/NLPchina/elasticsearch-sql,2014-08-24T14:26:31Z,
Alluxio/alluxio,6961,2945,https://github.com/Alluxio/alluxio,2012-12-21T17:43:46Z,
google/error-prone,6947,752,https://github.com/google/error-prone,2014-08-21T23:26:50Z,
rest-assured/rest-assured,6938,1884,https://github.com/rest-assured/rest-assured,2010-10-21T08:35:43Z,
DroidPluginTeam/DroidPlugin,6919,2523,https://github.com/DroidPluginTeam/DroidPlugin,2015-08-27T11:14:57Z,
mrniko/netty-socketio,6914,1670,https://github.com/mrniko/netty-socketio,2012-01-12T11:43:49Z,
jeecgboot/jimureport,6879,1722,https://github.com/jeecgboot/jimureport,2019-12-05T12:25:59Z,
hongyangAndroid/okhttputils,6870,2385,https://github.com/hongyangAndroid/okhttputils,2015-08-17T14:53:29Z,
h2pl/JavaTutorial,6861,1588,https://github.com/h2pl/JavaTutorial,2018-05-01T15:57:21Z,
alibaba/jvm-sandbox,6860,1575,https://github.com/alibaba/jvm-sandbox,2017-08-03T02:55:31Z,
gunnarmorling/1brc,6836,1990,https://github.com/gunnarmorling/1brc,2023-12-28T09:13:24Z,
Meituan-Dianping/walle,6814,1086,https://github.com/Meituan-Dianping/walle,2017-01-10T03:39:25Z,
dependency-check/DependencyCheck,6812,1339,https://github.com/dependency-check/DependencyCheck,2012-09-03T20:43:30Z,
AntennaPod/AntennaPod,6801,1446,https://github.com/AntennaPod/AntennaPod,2012-07-31T10:25:08Z,
zo0r/react-native-push-notification,6777,2054,https://github.com/zo0r/react-native-push-notification,2015-12-14T19:53:36Z,
Angel-ML/angel,6752,1594,https://github.com/Angel-ML/angel,2017-04-25T05:57:43Z,
rabbitmq/rabbitmq-tutorials,6730,3571,https://github.com/rabbitmq/rabbitmq-tutorials,2010-09-21T11:41:26Z,
zouzg/mybatis-generator-gui,6699,2534,https://github.com/zouzg/mybatis-generator-gui,2016-05-08T22:39:39Z,
markzhai/AndroidPerformanceMonitor,6698,1023,https://github.com/markzhai/AndroidPerformanceMonitor,2016-01-17T05:23:22Z,
hongyangAndroid/AndroidAutoLayout,6675,1895,https://github.com/hongyangAndroid/AndroidAutoLayout,2015-11-19T02:09:11Z,
guardianproject/haven,6672,730,https://github.com/guardianproject/haven,2017-03-01T03:20:03Z,
Genymobile/gnirehtet,6671,618,https://github.com/Genymobile/gnirehtet,2017-02-09T16:01:13Z,
macrozheng/springcloud-learning,6649,2805,https://github.com/macrozheng/springcloud-learning,2019-09-07T02:36:16Z,
smuyyh/BookReader,6647,1882,https://github.com/smuyyh/BookReader,2016-08-03T05:17:27Z,
wiremock/wiremock,6645,1460,https://github.com/wiremock/wiremock,2011-10-09T20:27:24Z,
yanzhenjie/AndPermission,6633,1102,https://github.com/yanzhenjie/AndPermission,2016-09-11T05:17:34Z,
527515025/springBoot,6631,3152,https://github.com/527515025/springBoot,2016-11-07T02:13:31Z,
apache/storm,6613,4077,https://github.com/apache/storm,2013-11-05T08:00:14Z,
gzu-liyujiang/AndroidPicker,6599,1480,https://github.com/gzu-liyujiang/AndroidPicker,2015-10-21T14:21:16Z,
getActivity/AndroidProject,6590,1378,https://github.com/getActivity/AndroidProject,2018-10-23T10:30:55Z,
GrenderG/Toasty,6589,810,https://github.com/GrenderG/Toasty,2017-01-18T18:52:41Z,
ZCShou/GoGoGo,6582,772,https://github.com/ZCShou/GoGoGo,2021-12-03T06:59:39Z,
langchain4j/langchain4j,6578,1230,https://github.com/langchain4j/langchain4j,2023-06-20T15:30:29Z,
fuzhengwei/itstack-demo-design,6570,1953,https://github.com/fuzhengwei/itstack-demo-design,2020-05-20T13:45:30Z,
junit-team/junit5,6556,1531,https://github.com/junit-team/junit5,2015-01-11T19:06:10Z,
Meituan-Dianping/Leaf,6550,1853,https://github.com/Meituan-Dianping/Leaf,2018-12-11T07:41:35Z,
NLPchina/ansj_seg,6519,2314,https://github.com/NLPchina/ansj_seg,2012-09-05T05:56:24Z,
processing/processing,6504,1500,https://github.com/processing/processing,2013-01-24T21:17:22Z,
apache/zeppelin,6472,2817,https://github.com/apache/zeppelin,2015-03-25T07:00:06Z,
ximsfei/Android-skin-support,6463,1091,https://github.com/ximsfei/Android-skin-support,2017-01-12T15:03:54Z,
quartz-scheduler/quartz,6443,1959,https://github.com/quartz-scheduler/quartz,2016-03-07T14:05:37Z,
raphw/byte-buddy,6442,813,https://github.com/raphw/byte-buddy,2013-11-25T19:38:03Z,
vinc3m1/RoundedImageView,6432,1250,https://github.com/vinc3m1/RoundedImageView,2013-02-22T01:17:37Z,
ArthurHub/Android-Image-Cropper,6423,1383,https://github.com/ArthurHub/Android-Image-Cropper,2015-01-15T10:49:37Z,
JesusFreke/smali,6418,1082,https://github.com/JesusFreke/smali,2012-09-23T19:51:16Z,
CoderLeixiaoshuai/java-eight-part,6402,1016,https://github.com/CoderLeixiaoshuai/java-eight-part,2020-10-16T16:27:04Z,
wxiaoqi/Spring-Cloud-Platform,6400,2393,https://github.com/wxiaoqi/Spring-Cloud-Platform,2017-05-25T10:35:26Z,
zendesk/android-floating-action-button,6378,1450,https://github.com/zendesk/android-floating-action-button,2014-09-19T06:49:21Z,
jOOQ/jOOQ,6338,1214,https://github.com/jOOQ/jOOQ,2011-04-17T10:43:33Z,
AsyncHttpClient/async-http-client,6325,1595,https://github.com/AsyncHttpClient/async-http-client,2011-03-07T13:41:46Z,
Col-E/Recaf,6321,478,https://github.com/Col-E/Recaf,2017-07-27T06:01:10Z,
sshahine/JFoenix,6314,1053,https://github.com/sshahine/JFoenix,2015-09-08T14:04:24Z,
aa112901/remusic,6295,1924,https://github.com/aa112901/remusic,2016-03-24T06:20:39Z,
wasabeef/richeditor-android,6290,1199,https://github.com/wasabeef/richeditor-android,2015-03-30T16:19:20Z,
koush/ion,6282,1035,https://github.com/koush/ion,2013-05-22T07:41:23Z,
joelittlejohn/jsonschema2pojo,6277,1660,https://github.com/joelittlejohn/jsonschema2pojo,2013-06-22T22:28:53Z,
hazelcast/hazelcast,6271,1859,https://github.com/hazelcast/hazelcast,2012-03-21T12:25:18Z,
amitshekhariitbhu/from-java-to-kotlin,6257,790,https://github.com/amitshekhariitbhu/from-java-to-kotlin,2017-05-21T11:56:27Z,
lightbend/config,6221,963,https://github.com/lightbend/config,2011-12-06T08:02:29Z,
ityouknow/spring-cloud-examples,6216,3082,https://github.com/ityouknow/spring-cloud-examples,2017-04-28T08:48:53Z,
pig-mesh/pig,6197,986,https://github.com/pig-mesh/pig,2019-08-26T03:24:53Z,
micronaut-projects/micronaut-core,6193,1094,https://github.com/micronaut-projects/micronaut-core,2018-03-07T12:05:08Z,
exadel-inc/CompreFace,6183,833,https://github.com/exadel-inc/CompreFace,2020-07-06T08:29:43Z,
graphql-java/graphql-java,6166,1127,https://github.com/graphql-java/graphql-java,2015-07-06T06:52:20Z,
haifengl/smile,6147,1138,https://github.com/haifengl/smile,2014-11-20T16:28:12Z,
ikew0ng/SwipeBackLayout,6120,1399,https://github.com/ikew0ng/SwipeBackLayout,2013-08-25T03:36:12Z,
google/grafika,6116,1462,https://github.com/google/grafika,2013-12-19T18:36:53Z,
hibernate/hibernate-orm,6115,3616,https://github.com/hibernate/hibernate-orm,2010-10-04T16:15:52Z,
rengwuxian/MaterialEditText,6103,1041,https://github.com/rengwuxian/MaterialEditText,2014-10-30T10:07:23Z,
daimajia/NumberProgressBar,6093,1401,https://github.com/daimajia/NumberProgressBar,2014-05-01T08:54:25Z,
apache/hertzbeat,6085,1074,https://github.com/apache/hertzbeat,2022-02-04T14:48:56Z,
vespa-engine/vespa,6069,625,https://github.com/vespa-engine/vespa,2016-06-03T20:54:20Z,
gephi/gephi,6059,1578,https://github.com/gephi/gephi,2011-10-22T03:14:46Z,
pedrovgs/EffectiveAndroidUI,6024,1191,https://github.com/pedrovgs/EffectiveAndroidUI,2014-07-04T08:42:20Z,
getActivity/XXPermissions,6020,811,https://github.com/getActivity/XXPermissions,2018-06-15T14:31:29Z,
singwhatiwanna/dynamic-load-apk,6019,1995,https://github.com/singwhatiwanna/dynamic-load-apk,2014-03-30T11:51:00Z,
google/j2objc,6007,980,https://github.com/google/j2objc,2014-01-30T20:19:56Z,
apache/flink-cdc,6006,2007,https://github.com/apache/flink-cdc,2020-07-27T19:23:33Z,
rey5137/material,5997,1317,https://github.com/rey5137/material,2014-12-09T12:07:32Z,
auth0/java-jwt,5996,934,https://github.com/auth0/java-jwt,2014-03-07T15:06:11Z,
google/physical-web,5988,663,https://github.com/google/physical-web,2014-09-30T18:32:14Z,
wyouflf/xUtils3,5980,1979,https://github.com/wyouflf/xUtils3,2015-10-28T10:56:04Z,
apache/incubator-kie-drools,5977,2535,https://github.com/apache/incubator-kie-drools,2011-02-18T08:37:05Z,
Vedenin/useful-java-links,5965,1186,https://github.com/Vedenin/useful-java-links,2016-02-13T13:14:52Z,
liyifeng1994/ssm,5951,2748,https://github.com/liyifeng1994/ssm,2016-06-18T17:58:56Z,
robolectric/robolectric,5942,1374,https://github.com/robolectric/robolectric,2010-08-28T00:28:25Z,
springfox/springfox,5937,1536,https://github.com/springfox/springfox,2012-05-06T06:38:57Z,
antoniolg/androidmvp,5926,1570,https://github.com/antoniolg/androidmvp,2014-04-02T05:42:20Z,
prolificinteractive/material-calendarview,5921,1311,https://github.com/prolificinteractive/material-calendarview,2015-02-09T22:31:56Z,
DerekYRC/mini-spring,5906,1378,https://github.com/DerekYRC/mini-spring,2020-11-17T11:59:18Z,
alipay/SoloPi,5906,1229,https://github.com/alipay/SoloPi,2019-03-14T15:32:49Z,
LandGrey/SpringBootVulExploit,5890,1313,https://github.com/LandGrey/SpringBootVulExploit,2020-05-20T09:18:44Z,
weibocom/motan,5885,1769,https://github.com/weibocom/motan,2016-04-20T10:56:17Z,
btraceio/btrace,5872,961,https://github.com/btraceio/btrace,2014-08-28T18:58:24Z,
vavr-io/vavr,5869,643,https://github.com/vavr-io/vavr,2014-01-30T14:07:25Z,
lets-blade/blade,5861,1172,https://github.com/lets-blade/blade,2015-06-10T03:35:49Z,
jetlinks/jetlinks-community,5828,1733,https://github.com/jetlinks/jetlinks-community,2020-01-02T07:27:34Z,
journeyapps/zxing-android-embedded,5827,1280,https://github.com/journeyapps/zxing-android-embedded,2012-11-28T16:36:39Z,
Nightonke/BoomMenu,5803,1152,https://github.com/Nightonke/BoomMenu,2016-03-19T12:04:12Z,
yarolegovich/DiscreteScrollView,5789,784,https://github.com/yarolegovich/DiscreteScrollView,2017-03-03T23:38:54Z,
changmingxie/tcc-transaction,5786,2788,https://github.com/changmingxie/tcc-transaction,2015-12-05T04:27:53Z,
JakeWharton/DiskLruCache,5786,1177,https://github.com/JakeWharton/DiskLruCache,2012-01-05T00:36:34Z,
apache/camel,5772,5006,https://github.com/apache/camel,2009-05-21T00:25:36Z,
dmytrodanylyk/circular-progress-button,5769,1181,https://github.com/dmytrodanylyk/circular-progress-button,2014-06-07T12:58:48Z,
amitshekhariitbhu/Fast-Android-Networking,5766,966,https://github.com/amitshekhariitbhu/Fast-Android-Networking,2016-03-21T18:35:44Z,
obsidiandynamics/kafdrop,5765,872,https://github.com/obsidiandynamics/kafdrop,2019-05-27T08:46:56Z,
google/google-java-format,5737,872,https://github.com/google/google-java-format,2015-05-11T20:38:28Z,
Devlight/InfiniteCycleViewPager,5736,828,https://github.com/Devlight/InfiniteCycleViewPager,2016-08-22T08:04:39Z,
ffay/lanproxy,5726,1551,https://github.com/ffay/lanproxy,2016-11-20T08:12:10Z,
WeiYe-Jing/datax-web,5726,2187,https://github.com/WeiYe-Jing/datax-web,2019-11-19T01:09:05Z,
648540858/wvp-GB28181-pro,5721,1623,https://github.com/648540858/wvp-GB28181-pro,2020-11-14T14:16:37Z,
traccar/traccar,5721,2713,https://github.com/traccar/traccar,2012-04-16T08:33:49Z,
javaparser/javaparser,5718,1192,https://github.com/javaparser/javaparser,2011-10-30T14:03:44Z,
k0shk0sh/FastHub,5715,925,https://github.com/k0shk0sh/FastHub,2017-02-18T17:53:16Z,
jpush/aurora-imui,5712,998,https://github.com/jpush/aurora-imui,2016-12-13T05:24:01Z,
apache/iotdb,5712,1037,https://github.com/apache/iotdb,2018-11-24T21:29:17Z,
opengoofy/hippo4j,5708,1203,https://github.com/opengoofy/hippo4j,2021-06-16T02:59:48Z,
Nepxion/Discovery,5700,1431,https://github.com/Nepxion/Discovery,2018-06-21T16:16:49Z,
springside/springside4,5699,2898,https://github.com/springside/springside4,2012-02-23T08:39:03Z,
apache/hudi,5699,2391,https://github.com/apache/hudi,2016-12-14T15:53:41Z,
nayuki/QR-Code-generator,5694,1154,https://github.com/nayuki/QR-Code-generator,2016-04-15T02:19:41Z,
apache/pinot,5683,1345,https://github.com/apache/pinot,2014-05-19T23:27:48Z,
yanzhenjie/SwipeRecyclerView,5682,1098,https://github.com/yanzhenjie/SwipeRecyclerView,2016-08-03T15:43:34Z,
graphhopper/graphhopper,5678,1682,https://github.com/graphhopper/graphhopper,2012-02-18T19:57:38Z,
JakeWharton/u2020,5671,926,https://github.com/JakeWharton/u2020,2013-11-14T11:58:23Z,
apache/hive,5664,4724,https://github.com/apache/hive,2009-05-21T02:31:01Z,
FongMi/TV,5660,1875,https://github.com/FongMi/TV,2022-06-22T09:10:23Z,
ZhongFuCheng3y/austin,5653,1395,https://github.com/ZhongFuCheng3y/austin,2021-11-06T09:36:01Z,
youtube/api-samples,5648,3001,https://github.com/youtube/api-samples,2013-12-09T18:41:41Z,
Javen205/IJPay,5646,1379,https://github.com/Javen205/IJPay,2017-05-02T03:15:32Z,
crazycodeboy/react-native-splash-screen,5640,1104,https://github.com/crazycodeboy/react-native-splash-screen,2016-09-14T10:43:55Z,
hanks-zyh/HTextView,5640,813,https://github.com/hanks-zyh/HTextView,2015-12-19T16:34:59Z,
wasabeef/Blurry,5631,606,https://github.com/wasabeef/Blurry,2015-07-23T14:12:08Z,
daimajia/AndroidImageSlider,5624,1654,https://github.com/daimajia/AndroidImageSlider,2014-06-02T06:04:17Z,
JSQLParser/JSqlParser,5609,1374,https://github.com/JSQLParser/JSqlParser,2011-06-23T22:51:52Z,
hongyangAndroid/FlowLayout,5595,1166,https://github.com/hongyangAndroid/FlowLayout,2015-08-28T09:32:31Z,
amlcurran/ShowcaseView,5590,1285,https://github.com/amlcurran/ShowcaseView,2012-08-14T19:07:36Z,
dromara/lamp-cloud,5584,1749,https://github.com/dromara/lamp-cloud,2018-01-17T02:51:04Z,
MuntashirAkon/AppManager,5572,313,https://github.com/MuntashirAkon/AppManager,2020-05-30T04:08:56Z,
TommyLemon/Android-ZBLibrary,5561,1378,https://github.com/TommyLemon/Android-ZBLibrary,2015-08-20T16:03:53Z,
jagrosh/MusicBot,5559,2655,https://github.com/jagrosh/MusicBot,2016-08-14T18:46:29Z,
knightliao/disconf,5553,2284,https://github.com/knightliao/disconf,2014-05-30T09:39:27Z,
nhaarman/ListViewAnimations,5551,1644,https://github.com/nhaarman/ListViewAnimations,2013-03-19T11:59:23Z,
redis/lettuce,5534,1009,https://github.com/redis/lettuce,2014-05-10T13:08:46Z,
logisim-evolution/logisim-evolution,5531,700,https://github.com/logisim-evolution/logisim-evolution,2014-09-19T05:23:24Z,
ElderDrivers/EdXposed,5526,633,https://github.com/ElderDrivers/EdXposed,2019-01-18T16:18:19Z,
ZHENFENG13/spring-boot-projects,5526,1615,https://github.com/ZHENFENG13/spring-boot-projects,2017-04-01T01:50:14Z,
baidu/uid-generator,5509,1564,https://github.com/baidu/uid-generator,2017-03-27T04:03:43Z,
TeamAmaze/AmazeFileManager,5503,1599,https://github.com/TeamAmaze/AmazeFileManager,2014-07-14T19:47:53Z,
emilsjolander/StickyListHeaders,5502,1513,https://github.com/emilsjolander/StickyListHeaders,2012-03-11T18:29:18Z,
sockeqwe/mosby,5480,842,https://github.com/sockeqwe/mosby,2015-03-25T00:59:19Z,
wuhaoyu1990/MagicCamera,5473,1625,https://github.com/wuhaoyu1990/MagicCamera,2016-01-08T11:36:56Z,
alibaba/freeline,5472,621,https://github.com/alibaba/freeline,2016-08-03T17:22:52Z,
danikula/AndroidVideoCache,5459,1169,https://github.com/danikula/AndroidVideoCache,2015-04-01T11:25:52Z,
dm77/barcodescanner,5454,1432,https://github.com/dm77/barcodescanner,2014-02-24T21:14:09Z,
JanusGraph/janusgraph,5453,1187,https://github.com/JanusGraph/janusgraph,2016-12-26T13:26:29Z,
scribejava/scribejava,5452,1673,https://github.com/scribejava/scribejava,2010-09-05T19:11:40Z,
KeepSafe/TapTargetView,5425,594,https://github.com/KeepSafe/TapTargetView,2016-09-11T09:07:36Z,
facebookarchive/rebound,5423,813,https://github.com/facebookarchive/rebound,2013-10-11T01:12:37Z,
meefik/linuxdeploy,5414,691,https://github.com/meefik/linuxdeploy,2012-08-21T04:49:14Z,
motianhuo/wechat,5413,2415,https://github.com/motianhuo/wechat,2015-05-25T02:33:37Z,
apache/dubbo-spring-boot-project,5410,1876,https://github.com/apache/dubbo-spring-boot-project,2018-01-18T12:10:50Z,
jeequan/jeepay,5410,1828,https://github.com/jeequan/jeepay,2017-08-12T02:40:32Z,
Jasonchenlijian/FastBle,5382,1238,https://github.com/Jasonchenlijian/FastBle,2016-08-23T02:06:33Z,
Evernote/android-job,5370,558,https://github.com/Evernote/android-job,2015-08-20T19:36:54Z,
socketio/socket.io-client-java,5368,980,https://github.com/socketio/socket.io-client-java,2013-04-28T17:04:05Z,
jgilfelt/SystemBarTint,5360,1431,https://github.com/jgilfelt/SystemBarTint,2013-11-17T12:35:05Z,
commonsguy/cw-omnibus,5353,3770,https://github.com/commonsguy/cw-omnibus,2012-03-12T14:12:06Z,
facebookarchive/shimmer-android,5343,696,https://github.com/facebookarchive/shimmer-android,2015-02-27T22:25:22Z,
XRecyclerView/XRecyclerView,5333,1257,https://github.com/XRecyclerView/XRecyclerView,2015-11-18T08:14:22Z,
h6ah4i/android-advancedrecyclerview,5326,857,https://github.com/h6ah4i/android-advancedrecyclerview,2015-01-24T16:14:39Z,
apache/hbase,5310,3342,https://github.com/apache/hbase,2014-05-23T07:00:07Z,
mybatis/generator,5301,2504,https://github.com/mybatis/generator,2013-02-10T11:14:50Z,
alibaba/jetcache,5299,1066,https://github.com/alibaba/jetcache,2017-04-12T07:48:23Z,
evant/gradle-retrolambda,5291,446,https://github.com/evant/gradle-retrolambda,2013-08-05T02:09:58Z,
spring-projects/spring-data-examples,5282,3414,https://github.com/spring-projects/spring-data-examples,2014-01-30T15:42:43Z,
xxv/android-lifecycle,5274,677,https://github.com/xxv/android-lifecycle,2014-04-18T14:26:22Z,
yixia/VitamioBundle,5270,2065,https://github.com/yixia/VitamioBundle,2012-10-19T08:40:49Z,
apache/groovy,5267,1900,https://github.com/apache/groovy,2015-04-16T07:00:05Z,
google/google-authenticator,5259,973,https://github.com/google/google-authenticator,2014-10-08T17:54:27Z,
zfdang/Android-Touch-Helper,5250,509,https://github.com/zfdang/Android-Touch-Helper,2020-10-16T00:58:41Z,
Yalantis/Side-Menu.Android,5246,1502,https://github.com/Yalantis/Side-Menu.Android,2015-01-13T11:11:27Z,
thinkaurelius/titan,5241,1009,https://github.com/thinkaurelius/titan,2012-02-25T22:53:53Z,
coobird/thumbnailator,5239,797,https://github.com/coobird/thumbnailator,2015-07-25T05:38:33Z,
CeuiLiSA/Pixiv-Shaft,5234,195,https://github.com/CeuiLiSA/Pixiv-Shaft,2019-04-01T09:59:09Z,
lucasr/twoway-view,5230,1020,https://github.com/lucasr/twoway-view,2013-01-18T20:55:23Z,
Karumi/Dexter,5224,669,https://github.com/Karumi/Dexter,2015-11-17T13:14:43Z,
lingochamp/okdownload,5216,780,https://github.com/lingochamp/okdownload,2017-12-17T08:21:22Z,
Clans/FloatingActionButton,5214,1128,https://github.com/Clans/FloatingActionButton,2015-03-21T12:36:16Z,
201206030/novel,5214,1389,https://github.com/201206030/novel,2019-11-11T01:13:52Z,
razerdp/BasePopup,5214,760,https://github.com/razerdp/BasePopup,2016-01-15T03:31:07Z,
CodingDocs/springboot-guide,5213,1405,https://github.com/CodingDocs/springboot-guide,2018-11-28T01:05:07Z,
LFDT-web3j/web3j,5198,1712,https://github.com/LFDT-web3j/web3j,2016-09-04T05:48:49Z,
huangyanbin/smartTable,5186,866,https://github.com/huangyanbin/smartTable,2017-11-08T01:11:14Z,
apache/nifi,5185,2776,https://github.com/apache/nifi,2014-12-12T08:00:05Z,
ddd-by-examples/library,5182,751,https://github.com/ddd-by-examples/library,2019-01-11T09:14:03Z,
hustcc/JS-Sorting-Algorithm,5172,1149,https://github.com/hustcc/JS-Sorting-Algorithm,2017-01-19T11:36:21Z,
strimzi/strimzi-kafka-operator,5152,1347,https://github.com/strimzi/strimzi-kafka-operator,2016-05-06T08:52:33Z,
square/otto,5152,845,https://github.com/square/otto,2012-06-27T19:06:49Z,
careercup/ctci,5146,2312,https://github.com/careercup/ctci,2013-03-21T23:01:01Z,
Doikki/DKVideoPlayer,5135,1051,https://github.com/Doikki/DKVideoPlayer,2017-04-11T01:33:38Z,
android/views-widgets-samples,5112,3005,https://github.com/android/views-widgets-samples,2019-09-06T21:39:12Z,
citerus/dddsample-core,5105,1496,https://github.com/citerus/dddsample-core,2015-01-31T23:21:37Z,
00-Evan/shattered-pixel-dungeon,5098,1203,https://github.com/00-Evan/shattered-pixel-dungeon,2014-07-31T21:56:31Z,
mik3y/usb-serial-for-android,5081,1620,https://github.com/mik3y/usb-serial-for-android,2013-06-30T23:17:45Z,
PhilippC/keepass2android,5078,402,https://github.com/PhilippC/keepass2android,2017-09-20T18:42:02Z,
bitcoinj/bitcoinj,5065,2511,https://github.com/bitcoinj/bitcoinj,2013-11-19T04:33:23Z,
reactor/reactor-core,5059,1224,https://github.com/reactor/reactor-core,2015-11-10T10:06:40Z,
wequick/Small,5053,1107,https://github.com/wequick/Small,2015-11-27T11:37:20Z,
remkop/picocli,5050,434,https://github.com/remkop/picocli,2017-02-01T16:38:41Z,
CaffeineMC/sodium,5040,832,https://github.com/CaffeineMC/sodium,2020-02-01T03:04:09Z,
deathmarine/Luyten,5037,1003,https://github.com/deathmarine/Luyten,2013-07-11T10:57:28Z,
OpenTSDB/opentsdb,5030,1244,https://github.com/OpenTSDB/opentsdb,2010-08-27T02:05:20Z,
natario1/CameraView,5021,952,https://github.com/natario1/CameraView,2017-07-18T09:30:33Z,
ikarus23/MifareClassicTool,5019,934,https://github.com/ikarus23/MifareClassicTool,2013-02-12T15:39:03Z,
Trinea/android-common,5016,2638,https://github.com/Trinea/android-common,2012-06-19T07:49:46Z,
yipianfengye/android-zxingLibrary,5014,1042,https://github.com/yipianfengye/android-zxingLibrary,2016-07-26T08:00:18Z,
brianfrankcooper/YCSB,5014,2270,https://github.com/brianfrankcooper/YCSB,2010-04-19T20:52:11Z,
pmd/pmd,5013,1508,https://github.com/pmd/pmd,2012-07-11T18:03:00Z,
sofastack/sofa-boot,5013,1266,https://github.com/sofastack/sofa-boot,2018-04-02T08:28:14Z,
j-easy/easy-rules,5013,1081,https://github.com/j-easy/easy-rules,2013-03-10T14:38:26Z,
rubensousa/GravitySnapHelper,5005,617,https://github.com/rubensousa/GravitySnapHelper,2016-08-31T07:25:23Z,
zhanglei-workspace/shopping-management-system,4999,2249,https://github.com/zhanglei-workspace/shopping-management-system,2015-11-16T12:53:21Z,
alibaba/UltraViewPager,4998,681,https://github.com/alibaba/UltraViewPager,2017-03-29T13:31:53Z,
orhanobut/dialogplus,4994,791,https://github.com/orhanobut/dialogplus,2014-12-12T09:24:44Z,
alibaba/QLExpress,4990,1168,https://github.com/alibaba/QLExpress,2017-03-15T08:39:54Z,
rubenlagus/TelegramBots,4986,1266,https://github.com/rubenlagus/TelegramBots,2016-01-14T00:13:07Z,
DingMouRen/LayoutManagerGroup,4985,679,https://github.com/DingMouRen/LayoutManagerGroup,2018-04-28T11:47:38Z,
JodaOrg/joda-time,4984,985,https://github.com/JodaOrg/joda-time,2011-05-16T16:49:57Z,
Fuzion24/JustTrustMe,4984,811,https://github.com/Fuzion24/JustTrustMe,2014-07-24T23:45:05Z,
spring-attic/spring-mvc-showcase,4982,3690,https://github.com/spring-attic/spring-mvc-showcase,2011-06-03T15:36:55Z,
novicezk/midjourney-proxy,4981,2414,https://github.com/novicezk/midjourney-proxy,2023-04-24T13:43:45Z,
frogermcs/InstaMaterial,4979,1439,https://github.com/frogermcs/InstaMaterial,2014-11-10T18:56:49Z,
xuexiangjys/XUI,4978,851,https://github.com/xuexiangjys/XUI,2019-01-07T07:59:02Z,
LWJGL/lwjgl3,4975,650,https://github.com/LWJGL/lwjgl3,2012-12-23T15:40:04Z,
youlookwhat/CloudReader,4964,1331,https://github.com/youlookwhat/CloudReader,2016-11-20T11:59:25Z,
jankotek/mapdb,4959,881,https://github.com/jankotek/mapdb,2012-08-17T15:28:54Z,
osmandapp/OsmAnd,4957,1047,https://github.com/osmandapp/OsmAnd,2011-01-15T19:59:44Z,
liquibase/liquibase,4956,1891,https://github.com/liquibase/liquibase,2011-07-08T20:08:20Z,
spring-projects/spring-authorization-server,4954,1323,https://github.com/spring-projects/spring-authorization-server,2020-03-17T17:28:57Z,
amitshekhariitbhu/RxJava2-Android-Samples,4952,1065,https://github.com/amitshekhariitbhu/RxJava2-Android-Samples,2016-08-27T08:21:37Z,
2227324689/gpmall,4950,1882,https://github.com/2227324689/gpmall,2019-07-18T14:09:22Z,
Devlight/NavigationTabBar,4948,875,https://github.com/Devlight/NavigationTabBar,2016-03-29T08:59:27Z,
runelite/runelite,4946,5303,https://github.com/runelite/runelite,2016-04-30T20:48:02Z,
tonikelope/megabasterd,4945,607,https://github.com/tonikelope/megabasterd,2016-09-29T16:54:54Z,
Exrick/xpay,4939,1110,https://github.com/Exrick/xpay,2017-12-12T16:11:19Z,
GeyserMC/Geyser,4934,710,https://github.com/GeyserMC/Geyser,2019-07-08T17:23:17Z,
traex/RippleEffect,4920,1078,https://github.com/traex/RippleEffect,2014-10-14T13:32:51Z,
react-native-linear-gradient/react-native-linear-gradient,4915,700,https://github.com/react-native-linear-gradient/react-native-linear-gradient,2015-03-31T17:44:40Z,
Ramotion/folding-cell-android,4903,841,https://github.com/Ramotion/folding-cell-android,2016-04-01T11:38:47Z,
spring-cloud/spring-cloud-netflix,4901,2450,https://github.com/spring-cloud/spring-cloud-netflix,2014-07-11T15:46:12Z,
apache/ignite,4899,1912,https://github.com/apache/ignite,2015-02-19T08:00:05Z,
CellularPrivacy/Android-IMSI-Catcher-Detector,4899,977,https://github.com/CellularPrivacy/Android-IMSI-Catcher-Detector,2013-11-23T10:04:14Z,
oshi/oshi,4887,895,https://github.com/oshi/oshi,2012-02-10T12:46:48Z,
line/armeria,4884,938,https://github.com/line/armeria,2015-11-16T04:04:01Z,
youlookwhat/DesignPattern,4882,1437,https://github.com/youlookwhat/DesignPattern,2016-10-21T10:59:32Z,
roncoo/roncoo-pay,4880,2578,https://github.com/roncoo/roncoo-pay,2016-07-21T02:46:06Z,
lugg/react-native-config,4876,661,https://github.com/lugg/react-native-config,2016-02-23T00:19:11Z,
tianshiyeben/wgcloud,4867,864,https://github.com/tianshiyeben/wgcloud,2019-01-15T02:02:21Z,
houbb/sensitive-word,4866,663,https://github.com/houbb/sensitive-word,2020-01-07T03:10:44Z,
baomidou/dynamic-datasource,4864,1207,https://github.com/baomidou/dynamic-datasource,2018-04-28T02:32:16Z,
microsoft/typespec,4861,258,https://github.com/microsoft/typespec,2021-06-30T23:29:49Z,
cinit/QAuxiliary,4847,351,https://github.com/cinit/QAuxiliary,2022-01-29T06:12:36Z,
cglib/cglib,4841,892,https://github.com/cglib/cglib,2014-03-29T13:48:30Z,
bisq-network/bisq,4836,1277,https://github.com/bisq-network/bisq,2014-03-12T09:42:29Z,
querydsl/querydsl,4835,880,https://github.com/querydsl/querydsl,2011-08-05T06:46:32Z,
reactive-streams/reactive-streams-jvm,4833,535,https://github.com/reactive-streams/reactive-streams-jvm,2014-02-28T13:16:15Z,
DiUS/java-faker,4832,862,https://github.com/DiUS/java-faker,2011-06-06T01:01:21Z,
WuKongOpenSource/WukongCRM-11.0-JAVA,4830,735,https://github.com/WuKongOpenSource/WukongCRM-11.0-JAVA,2021-04-06T10:58:55Z,
mcxiaoke/packer-ng-plugin,4822,864,https://github.com/mcxiaoke/packer-ng-plugin,2015-11-24T04:08:08Z,
andkulikov/Transitions-Everywhere,4816,488,https://github.com/andkulikov/Transitions-Everywhere,2014-10-15T03:37:03Z,
claritylab/lucida,4805,879,https://github.com/claritylab/lucida,2014-05-13T17:12:49Z,
TheoKanning/openai-java,4798,1222,https://github.com/TheoKanning/openai-java,2020-09-15T02:58:52Z,
killbill/killbill,4789,810,https://github.com/killbill/killbill,2012-10-21T20:55:05Z,
orientechnologies/orientdb,4786,875,https://github.com/orientechnologies/orientdb,2012-12-09T20:33:47Z,
jindrapetrik/jpexs-decompiler,4783,674,https://github.com/jindrapetrik/jpexs-decompiler,2014-05-10T17:20:56Z,
saiwu-bigkoo/Android-ConvenientBanner,4770,1051,https://github.com/saiwu-bigkoo/Android-ConvenientBanner,2014-12-23T06:12:33Z,
killme2008/aviatorscript,4769,870,https://github.com/killme2008/aviatorscript,2011-03-29T12:48:47Z,
diffplug/spotless,4767,464,https://github.com/diffplug/spotless,2015-04-27T19:10:58Z,
apache/calcite,4766,2396,https://github.com/apache/calcite,2014-06-25T07:00:07Z,
rstudio/rstudio,4765,1111,https://github.com/rstudio/rstudio,2010-12-07T19:10:25Z,
react-native-webrtc/react-native-webrtc,4763,1256,https://github.com/react-native-webrtc/react-native-webrtc,2015-09-27T10:57:30Z,
hneemann/Digital,4758,481,https://github.com/hneemann/Digital,2016-06-28T17:40:16Z,
Suwayomi/Suwayomi-Server,4752,227,https://github.com/Suwayomi/Suwayomi-Server,2020-12-23T20:31:38Z,
etsy/AndroidStaggeredGrid,4751,1122,https://github.com/etsy/AndroidStaggeredGrid,2013-12-09T19:43:45Z,
google/cameraview,4743,1026,https://github.com/google/cameraview,2016-08-04T05:22:14Z,
fuzhengwei/small-spring,4742,1403,https://github.com/fuzhengwei/small-spring,2021-05-15T06:07:28Z,
ronmamo/reflections,4736,706,https://github.com/ronmamo/reflections,2013-04-16T16:19:26Z,
nisrulz/android-tips-tricks,4735,576,https://github.com/nisrulz/android-tips-tricks,2016-08-25T20:27:33Z,
kyleduo/SwitchButton,4731,867,https://github.com/kyleduo/SwitchButton,2014-09-09T07:20:43Z,
tuguangquan/mybatis,4725,2373,https://github.com/tuguangquan/mybatis,2014-11-03T04:51:06Z,
javastacks/spring-boot-best-practice,4725,1296,https://github.com/javastacks/spring-boot-best-practice,2018-11-09T06:23:18Z,
hongyangAndroid/baseAdapter,4721,1195,https://github.com/hongyangAndroid/baseAdapter,2015-08-03T02:55:51Z,
hansonwang99/Spring-Boot-In-Action,4706,1495,https://github.com/hansonwang99/Spring-Boot-In-Action,2019-01-28T12:56:51Z,
jgilfelt/chuck,4700,456,https://github.com/jgilfelt/chuck,2017-02-07T23:51:39Z,
spring-attic/spring-security-oauth,4694,4027,https://github.com/spring-attic/spring-security-oauth,2011-07-26T18:08:49Z,
mock-server/mockserver,4693,1086,https://github.com/mock-server/mockserver,2013-02-26T06:09:52Z,
pardom-zz/ActiveAndroid,4690,1033,https://github.com/pardom-zz/ActiveAndroid,2012-11-15T18:10:45Z,
firebase/FirebaseUI-Android,4667,1843,https://github.com/firebase/FirebaseUI-Android,2015-07-09T17:31:09Z,
wdullaer/MaterialDateTimePicker,4666,944,https://github.com/wdullaer/MaterialDateTimePicker,2015-01-03T19:41:03Z,
AutoMQ/automq,4665,306,https://github.com/AutoMQ/automq,2023-08-17T07:50:13Z,
gabrielemariotti/cardslib,4650,1189,https://github.com/gabrielemariotti/cardslib,2013-09-20T21:57:19Z,
romandanylyk/PageIndicatorView,4640,565,https://github.com/romandanylyk/PageIndicatorView,2016-08-20T19:25:32Z,
zlt2000/microservices-platform,4639,1690,https://github.com/zlt2000/microservices-platform,2019-03-07T07:13:37Z,
zq2599/blog_demos,4636,1877,https://github.com/zq2599/blog_demos,2017-04-09T04:51:56Z,
SPLWare/esProc,4628,344,https://github.com/SPLWare/esProc,2021-11-09T15:41:25Z,
spring-cloud/spring-cloud-gateway,4614,3367,https://github.com/spring-cloud/spring-cloud-gateway,2016-11-16T21:42:51Z,
cjlin1/libsvm,4614,1636,https://github.com/cjlin1/libsvm,2013-09-10T14:32:07Z,
SplashCodes/JAViewer,4613,696,https://github.com/SplashCodes/JAViewer,2016-05-21T08:47:10Z,
Heeexy/SpringBoot-Shiro-Vue,4603,1786,https://github.com/Heeexy/SpringBoot-Shiro-Vue,2017-11-17T18:49:06Z,
Netflix/ribbon,4598,1248,https://github.com/Netflix/ribbon,2013-01-15T01:08:04Z,
apache/rocketmq-externals,4591,3067,https://github.com/apache/rocketmq-externals,2017-03-14T07:00:06Z,
stleary/JSON-java,4591,2569,https://github.com/stleary/JSON-java,2010-12-21T17:46:09Z,
Sayi/poi-tl,4584,1057,https://github.com/Sayi/poi-tl,2015-03-20T06:47:52Z,
yasserg/crawler4j,4581,1926,https://github.com/yasserg/crawler4j,2011-12-31T22:49:18Z,
chentao0707/SimplifyReader,4576,1605,https://github.com/chentao0707/SimplifyReader,2015-08-17T08:22:53Z,
saysky/ForestBlog,4570,1644,https://github.com/saysky/ForestBlog,2017-10-08T15:27:47Z,
puniverse/quasar,4569,574,https://github.com/puniverse/quasar,2013-03-27T14:51:24Z,
dunwu/db-tutorial,4568,587,https://github.com/dunwu/db-tutorial,2017-08-08T06:33:38Z,
micrometer-metrics/micrometer,4567,1013,https://github.com/micrometer-metrics/micrometer,2017-04-10T21:36:51Z,
javagrowing/JGrowing,4566,935,https://github.com/javagrowing/JGrowing,2019-02-26T01:55:08Z,
bytedeco/javacpp,4562,591,https://github.com/bytedeco/javacpp,2014-04-21T12:47:21Z,
danielzeller/Depth-LIB-Android-,4557,591,https://github.com/danielzeller/Depth-LIB-Android-,2016-04-27T09:37:28Z,
square/sqlbrite,4556,417,https://github.com/square/sqlbrite,2015-02-19T04:38:37Z,
zhanghai/Douya,4555,1144,https://github.com/zhanghai/Douya,2016-02-01T13:44:19Z,
go-lang-plugin-org/go-lang-idea-plugin,4554,570,https://github.com/go-lang-plugin-org/go-lang-idea-plugin,2010-08-29T08:20:01Z,
apache/maven,4547,2725,https://github.com/apache/maven,2009-05-21T03:22:03Z,
jdamcd/android-crop,4542,1074,https://github.com/jdamcd/android-crop,2014-03-13T10:24:43Z,
RedSpider1/concurrent,4530,610,https://github.com/RedSpider1/concurrent,2018-11-03T13:49:36Z,
981011512/--,4530,2247,https://github.com/981011512/--,2020-06-18T22:47:21Z,
Docile-Alligator/Infinity-For-Reddit,4528,423,https://github.com/Docile-Alligator/Infinity-For-Reddit,2018-07-26T15:02:51Z,
alibaba/dexposed,4523,1070,https://github.com/alibaba/dexposed,2015-06-30T02:59:16Z,
Flipboard/bottomsheet,4521,595,https://github.com/Flipboard/bottomsheet,2015-04-23T17:37:32Z,
chewiebug/GCViewer,4517,984,https://github.com/chewiebug/GCViewer,2011-10-23T09:01:04Z,
CalebFenton/simplify,4517,445,https://github.com/CalebFenton/simplify,2014-01-16T05:14:02Z,
castorflex/SmoothProgressBar,4513,1004,https://github.com/castorflex/SmoothProgressBar,2013-11-27T20:32:16Z,
nextcloud/android,4508,1811,https://github.com/nextcloud/android,2016-06-06T21:23:36Z,
JZ-Darkal/AndroidHttpCapture,4495,859,https://github.com/JZ-Darkal/AndroidHttpCapture,2016-10-15T19:48:00Z,
allure-framework/allure2,4494,730,https://github.com/allure-framework/allure2,2016-05-27T14:06:05Z,
HotBitmapGG/bilibili-android-client,4491,1481,https://github.com/HotBitmapGG/bilibili-android-client,2016-06-01T04:36:01Z,
azkaban/azkaban,4490,1588,https://github.com/azkaban/azkaban,2012-10-18T01:34:53Z,
phishman3579/java-algorithms-implementation,4486,1858,https://github.com/phishman3579/java-algorithms-implementation,2013-11-20T03:30:19Z,
JakeWharton/NineOldAndroids,4480,1536,https://github.com/JakeWharton/NineOldAndroids,2011-12-08T19:46:37Z,
objectbox/objectbox-java,4480,309,https://github.com/objectbox/objectbox-java,2017-01-24T10:29:48Z,
oracle/opengrok,4476,768,https://github.com/oracle/opengrok,2013-01-07T11:49:18Z,
hussien89aa/AndroidTutorialForBeginners,4471,6094,https://github.com/hussien89aa/AndroidTutorialForBeginners,2016-09-26T16:36:28Z,
tiann/epic,4462,813,https://github.com/tiann/epic,2017-05-22T02:52:44Z,
janishar/android-mvp-architecture,4444,1244,https://github.com/janishar/android-mvp-architecture,2017-01-27T08:39:06Z,
discord-jda/JDA,4440,744,https://github.com/discord-jda/JDA,2015-12-12T13:57:32Z,
Meituan-Dianping/Robust,4438,808,https://github.com/Meituan-Dianping/Robust,2017-03-14T10:14:50Z,
square/android-times-square,4437,1185,https://github.com/square/android-times-square,2013-01-30T20:28:27Z,
Tencent/GT,4406,1033,https://github.com/Tencent/GT,2016-01-13T10:29:55Z,
airbnb/DeepLinkDispatch,4397,407,https://github.com/airbnb/DeepLinkDispatch,2015-06-11T21:16:48Z,
ant-media/Ant-Media-Server,4393,655,https://github.com/ant-media/Ant-Media-Server,2017-03-01T08:21:13Z,
dreamhead/moco,4393,1089,https://github.com/dreamhead/moco,2012-10-18T09:09:51Z,
deepjavalibrary/djl,4389,693,https://github.com/deepjavalibrary/djl,2019-10-29T22:38:54Z,
robinhood/ticker,4386,464,https://github.com/robinhood/ticker,2016-07-15T21:37:52Z,
rememberber/WePush,4384,992,https://github.com/rememberber/WePush,2017-06-23T09:03:36Z,
angryip/ipscan,4369,744,https://github.com/angryip/ipscan,2011-06-28T20:58:48Z,
Ashok-Varma/BottomNavigation,4367,686,https://github.com/Ashok-Varma/BottomNavigation,2016-03-19T19:19:30Z,
charles2gan/GDA-android-reversing-Tool,4367,536,https://github.com/charles2gan/GDA-android-reversing-Tool,2017-10-31T08:18:29Z,
apache/shiro,4362,2313,https://github.com/apache/shiro,2009-08-29T08:00:17Z,
awangdev/leet-code,4358,25,https://github.com/awangdev/leet-code,2015-04-25T19:14:09Z,
water8394/flink-recommandSystem-demo,4356,1471,https://github.com/water8394/flink-recommandSystem-demo,2019-05-15T07:55:35Z,
Freeyourgadget/Gadgetbridge,4315,654,https://github.com/Freeyourgadget/Gadgetbridge,2015-01-05T23:19:03Z,
bingoogolapple/BGARefreshLayout-Android,4311,999,https://github.com/bingoogolapple/BGARefreshLayout-Android,2015-05-28T16:17:00Z,
h2database/h2database,4311,1236,https://github.com/h2database/h2database,2015-04-10T19:09:09Z,
jeasonlzy/ImagePicker,4302,1032,https://github.com/jeasonlzy/ImagePicker,2016-01-27T17:05:03Z,
spring-projects/spring-ai,4301,1157,https://github.com/spring-projects/spring-ai,2023-06-27T18:57:29Z,
pytorch/serve,4300,877,https://github.com/pytorch/serve,2019-10-03T03:17:43Z,
jacoco/jacoco,4299,1162,https://github.com/jacoco/jacoco,2012-07-08T21:45:13Z,
mcxiaoke/android-volley,4289,1557,https://github.com/mcxiaoke/android-volley,2013-05-21T05:35:26Z,
eirslett/frontend-maven-plugin,4285,879,https://github.com/eirslett/frontend-maven-plugin,2013-08-30T14:44:38Z,
aporter/coursera-android,4278,5281,https://github.com/aporter/coursera-android,2014-01-05T09:55:31Z,
IoT-Technology/IoT-Technical-Guide,4271,1075,https://github.com/IoT-Technology/IoT-Technical-Guide,2019-04-02T01:52:44Z,
dromara/dynamic-tp,4269,837,https://github.com/dromara/dynamic-tp,2022-01-07T16:35:27Z,
grantland/android-autofittextview,4268,689,https://github.com/grantland/android-autofittextview,2011-02-14T06:00:52Z,
ongakuer/CircleIndicator,4268,708,https://github.com/ongakuer/CircleIndicator,2014-07-30T14:02:56Z,
brianway/java-learning,4266,1206,https://github.com/brianway/java-learning,2016-02-09T05:20:58Z,
bjmashibing/InternetArchitect,4257,2862,https://github.com/bjmashibing/InternetArchitect,2019-10-19T16:32:01Z,
dragonwell-project/dragonwell8,4254,495,https://github.com/dragonwell-project/dragonwell8,2019-03-07T02:57:45Z,
ThirtyDegreesRay/OpenHub,4252,415,https://github.com/ThirtyDegreesRay/OpenHub,2017-07-11T13:29:51Z,
linhaojun857/aurora,4249,683,https://github.com/linhaojun857/aurora,2022-08-19T13:39:16Z,
flutter-webrtc/flutter-webrtc,4243,1179,https://github.com/flutter-webrtc/flutter-webrtc,2018-03-07T02:26:03Z,
fast-excel/fastexcel,4242,324,https://github.com/fast-excel/fastexcel,2024-10-05T11:42:50Z,
failsafe-lib/failsafe,4236,299,https://github.com/failsafe-lib/failsafe,2015-06-30T00:56:39Z,
zongzibinbin/MallChat,4235,985,https://github.com/zongzibinbin/MallChat,2023-03-16T15:04:35Z,
ChadCSong/ShineButton,4220,547,https://github.com/ChadCSong/ShineButton,2016-07-05T06:32:26Z,
codingapi/tx-lcn,4206,1459,https://github.com/codingapi/tx-lcn,2017-11-11T03:34:34Z,
crate/crate,4198,574,https://github.com/crate/crate,2013-04-10T09:17:16Z,
zhkl0228/unidbg,4193,996,https://github.com/zhkl0228/unidbg,2019-02-26T09:32:15Z,
hugeterry/CoordinatorTabLayout,4193,584,https://github.com/hugeterry/CoordinatorTabLayout,2017-01-27T13:40:28Z,
jitsi/jitsi,4192,980,https://github.com/jitsi/jitsi,2013-04-24T17:37:20Z,
yhaolpz/FloatWindow,4191,653,https://github.com/yhaolpz/FloatWindow,2017-11-14T14:33:55Z,
camunda/camunda-bpm-platform,4190,1603,https://github.com/camunda/camunda-bpm-platform,2013-01-03T10:10:31Z,
Jacksgong/JKeyboardPanelSwitch,4187,686,https://github.com/Jacksgong/JKeyboardPanelSwitch,2015-07-01T17:42:01Z,
mybatis/spring-boot-starter,4186,1795,https://github.com/mybatis/spring-boot-starter,2015-09-25T13:05:15Z,
powermock/powermock,4180,588,https://github.com/powermock/powermock,2014-05-28T07:53:53Z,
oddfar/campus-imaotai,4178,1362,https://github.com/oddfar/campus-imaotai,2023-07-07T10:37:13Z,
bingoogolapple/BGABanner-Android,4174,782,https://github.com/bingoogolapple/BGABanner-Android,2014-10-25T17:15:18Z,
jboss-javassist/javassist,4169,710,https://github.com/jboss-javassist/javassist,2013-05-24T08:31:32Z,
google/open-location-code,4169,491,https://github.com/google/open-location-code,2014-09-30T18:26:35Z,
jlegewie/zotfile,4150,289,https://github.com/jlegewie/zotfile,2011-12-30T14:47:42Z,
gsantner/markor,4149,386,https://github.com/gsantner/markor,2017-08-26T00:08:35Z,
aws/aws-sdk-java,4147,2820,https://github.com/aws/aws-sdk-java,2010-03-22T23:34:58Z,
pedrovgs/AndroidWiFiADB,4145,479,https://github.com/pedrovgs/AndroidWiFiADB,2015-10-18T21:58:45Z,
microsoft/malmo,4136,602,https://github.com/microsoft/malmo,2016-05-17T14:58:40Z,
dromara/hmily,4123,1404,https://github.com/dromara/hmily,2017-09-28T06:29:01Z,
Snailclimb/guide-rpc-framework,4122,2117,https://github.com/Snailclimb/guide-rpc-framework,2020-05-10T13:24:42Z,
alibaba/Tangram-Android,4115,525,https://github.com/alibaba/Tangram-Android,2017-03-29T13:29:57Z,
dinuscxj/LoadingDrawable,4112,634,https://github.com/dinuscxj/LoadingDrawable,2016-04-16T07:33:57Z,
zendesk/maxwell,4099,1019,https://github.com/zendesk/maxwell,2015-02-09T22:06:13Z,
Manabu-GT/ExpandableTextView,4088,791,https://github.com/Manabu-GT/ExpandableTextView,2014-05-17T19:40:15Z,
mywalkb/LSPosed_mod,4074,202,https://github.com/mywalkb/LSPosed_mod,2022-03-28T08:05:38Z,
s4kibs4mi/java-developer-roadmap,4073,547,https://github.com/s4kibs4mi/java-developer-roadmap,2019-04-23T06:42:13Z,
bepass-org/oblivion,4072,556,https://github.com/bepass-org/oblivion,2024-02-08T05:50:09Z,
code4craft/tiny-spring,4072,1819,https://github.com/code4craft/tiny-spring,2014-01-10T16:37:57Z,
nining377/dolby_beta,4070,237,https://github.com/nining377/dolby_beta,2020-05-19T12:13:36Z,
rubensousa/ViewPagerCards,4067,608,https://github.com/rubensousa/ViewPagerCards,2016-08-20T15:24:12Z,
oblac/jodd,4061,724,https://github.com/oblac/jodd,2012-09-07T20:26:48Z,
qunarcorp/bistoury,4060,832,https://github.com/qunarcorp/bistoury,2019-08-01T07:54:25Z,
luckybilly/CC,4050,637,https://github.com/luckybilly/CC,2017-11-23T16:26:33Z,
pqpo/SmartCropper,4046,747,https://github.com/pqpo/SmartCropper,2017-08-03T11:08:41Z,
DTStack/chunjun,4036,1699,https://github.com/DTStack/chunjun,2018-04-03T12:44:58Z,
oldmanpushcart/greys-anatomy,4028,1212,https://github.com/oldmanpushcart/greys-anatomy,2012-11-21T19:39:35Z,
apache/streampark,4021,1025,https://github.com/apache/streampark,2019-05-27T05:56:03Z,
xcltapestry/XCL-Charts,4018,1128,https://github.com/xcltapestry/XCL-Charts,2014-06-09T15:44:50Z,
TGX-Android/Telegram-X,4016,644,https://github.com/TGX-Android/Telegram-X,2021-08-17T17:09:25Z,
apache/dubbo-admin,4015,2158,https://github.com/apache/dubbo-admin,2018-01-11T05:30:17Z,
BoltsFramework/Bolts-Android,4012,518,https://github.com/BoltsFramework/Bolts-Android,2014-01-30T04:58:14Z,
Yalantis/Phoenix,4004,916,https://github.com/Yalantis/Phoenix,2015-01-12T14:11:20Z,
makovkastar/FloatingActionButton,4003,815,https://github.com/makovkastar/FloatingActionButton,2014-07-22T13:29:55Z,
lcodecorex/TwinklingRefreshLayout,4002,670,https://github.com/lcodecorex/TwinklingRefreshLayout,2016-03-02T12:11:56Z,
Piasy/BigImageViewer,3986,405,https://github.com/Piasy/BigImageViewer,2016-11-06T09:55:02Z,
geoserver/geoserver,3985,2205,https://github.com/geoserver/geoserver,2011-11-10T19:56:06Z,
orhanobut/hawk,3985,392,https://github.com/orhanobut/hawk,2015-02-19T22:25:23Z,
alibaba/fastjson2,3983,520,https://github.com/alibaba/fastjson2,2022-04-17T04:27:24Z,
qstumn/BadgeView,3980,541,https://github.com/qstumn/BadgeView,2017-02-08T02:01:39Z,
Aliucord/Aliucord,3963,173,https://github.com/Aliucord/Aliucord,2021-02-27T16:59:06Z,
binIoter/GuideView,3957,653,https://github.com/binIoter/GuideView,2016-06-19T08:52:25Z,
mercyblitz/tech-weekly,3956,711,https://github.com/mercyblitz/tech-weekly,2018-12-03T03:10:52Z,
jbloch/effective-java-3e-source-code,3954,1971,https://github.com/jbloch/effective-java-3e-source-code,2018-08-03T20:48:35Z,
201206030/novel-plus,3952,1359,https://github.com/201206030/novel-plus,2020-05-02T07:15:43Z,
NotFound9/interviewGuide,3946,685,https://github.com/NotFound9/interviewGuide,2016-04-20T07:17:09Z,
zzhoujay/RichText,3941,562,https://github.com/zzhoujay/RichText,2015-07-21T09:36:01Z,
JoanZapata/android-iconify,3937,525,https://github.com/JoanZapata/android-iconify,2013-06-12T11:42:01Z,
knowm/XChange,3937,1963,https://github.com/knowm/XChange,2012-02-02T10:48:28Z,
rengwuxian/RxJavaSamples,3937,857,https://github.com/rengwuxian/RxJavaSamples,2016-03-24T13:08:10Z,
JeremyLiao/LiveEventBus,3930,553,https://github.com/JeremyLiao/LiveEventBus,2018-07-11T07:36:59Z,
rovo89/XposedInstaller,3928,1517,https://github.com/rovo89/XposedInstaller,2012-04-02T20:33:05Z,
jMonkeyEngine/jmonkeyengine,3927,1131,https://github.com/jMonkeyEngine/jmonkeyengine,2014-03-20T22:29:28Z,
linyiqun/DataMiningAlgorithm,3909,1705,https://github.com/linyiqun/DataMiningAlgorithm,2015-01-11T02:50:28Z,
bluelinelabs/Conductor,3902,343,https://github.com/bluelinelabs/Conductor,2016-03-16T18:42:41Z,
jetty/jetty.project,3901,1939,https://github.com/jetty/jetty.project,2011-07-14T01:11:57Z,
alibaba/jstorm,3900,1797,https://github.com/alibaba/jstorm,2013-09-03T03:53:16Z,
databricks/learning-spark,3891,2421,https://github.com/databricks/learning-spark,2014-06-16T04:47:54Z,
fishercoder1534/Leetcode,3887,1296,https://github.com/fishercoder1534/Leetcode,2016-07-31T05:28:15Z,
kermitt2/grobid,3885,472,https://github.com/kermitt2/grobid,2012-09-13T15:48:54Z,
awaitility/awaitility,3885,247,https://github.com/awaitility/awaitility,2010-01-22T15:12:52Z,
JavaNoober/BackgroundLibrary,3874,470,https://github.com/JavaNoober/BackgroundLibrary,2018-09-09T08:52:45Z,
amirzaidi/Launcher3,3865,647,https://github.com/amirzaidi/Launcher3,2017-05-30T12:53:32Z,
pingfangushi/screw,3864,708,https://github.com/pingfangushi/screw,2020-06-21T11:37:06Z,
Exrick/xboot,3862,1305,https://github.com/Exrick/xboot,2018-04-23T14:44:18Z,
bitcoin-wallet/bitcoin-wallet,3862,2131,https://github.com/bitcoin-wallet/bitcoin-wallet,2012-03-31T17:06:47Z,
sofastack/sofa-rpc,3862,1184,https://github.com/sofastack/sofa-rpc,2018-04-09T03:32:04Z,
promeG/TinyPinyin,3859,484,https://github.com/promeG/TinyPinyin,2015-09-30T03:24:50Z,
vipulasri/Timeline-View,3854,645,https://github.com/vipulasri/Timeline-View,2015-12-15T14:55:04Z,
VaughnVernon/IDDD_Samples,3843,914,https://github.com/VaughnVernon/IDDD_Samples,2013-04-08T22:12:57Z,
tronprotocol/java-tron,3838,1450,https://github.com/tronprotocol/java-tron,2017-12-26T10:20:38Z,
aurelhubert/ahbottomnavigation,3835,685,https://github.com/aurelhubert/ahbottomnavigation,2016-03-17T12:17:56Z,
MiguelCatalan/MaterialSearchView,3829,619,https://github.com/MiguelCatalan/MaterialSearchView,2015-09-14T17:13:46Z,
wendux/DSBridge-Android,3825,624,https://github.com/wendux/DSBridge-Android,2017-01-02T11:58:53Z,
RipMeApp/ripme,3824,630,https://github.com/RipMeApp/ripme,2017-01-06T17:12:09Z,
uknownothingsnow/CircleProgress,3819,923,https://github.com/uknownothingsnow/CircleProgress,2014-10-30T16:14:42Z,
PBH-BTN/PeerBanHelper,3818,100,https://github.com/PBH-BTN/PeerBanHelper,2024-02-07T14:35:16Z,
shuzijun/leetcode-editor,3816,409,https://github.com/shuzijun/leetcode-editor,2019-03-19T16:32:17Z,
JabRef/jabref,3806,2737,https://github.com/JabRef/jabref,2014-03-11T14:48:42Z,
lukas-krecan/ShedLock,3804,535,https://github.com/lukas-krecan/ShedLock,2016-12-11T13:53:59Z,
syncthing/syncthing-android,3794,452,https://github.com/syncthing/syncthing-android,2014-02-22T17:15:19Z,
sunfusheng/MarqueeView,3782,674,https://github.com/sunfusheng/MarqueeView,2016-06-01T06:50:46Z,
LibrePDF/OpenPDF,3782,631,https://github.com/LibrePDF/OpenPDF,2016-07-11T15:50:34Z,
lygttpod/SuperTextView,3773,591,https://github.com/lygttpod/SuperTextView,2016-10-19T04:06:54Z,
yanzhenjie/AndServer,3772,769,https://github.com/yanzhenjie/AndServer,2016-06-14T00:52:52Z,
mpusher/mpush,3768,1458,https://github.com/mpusher/mpush,2016-04-28T01:43:19Z,
ZHENFENG13/My-Blog,3759,999,https://github.com/ZHENFENG13/My-Blog,2019-03-04T09:17:00Z,
roboguice/roboguice,3758,824,https://github.com/roboguice/roboguice,2012-08-12T20:37:19Z,
lilishop/lilishop,3757,956,https://github.com/lilishop/lilishop,2021-05-14T01:28:51Z,
andOTP/andOTP,3756,366,https://github.com/andOTP/andOTP,2017-07-05T11:39:52Z,
Ereza/CustomActivityOnCrash,3749,543,https://github.com/Ereza/CustomActivityOnCrash,2014-07-04T19:46:21Z,
react-native-share/react-native-share,3748,964,https://github.com/react-native-share/react-native-share,2015-09-30T02:27:34Z,
timehop/sticky-headers-recyclerview,3745,754,https://github.com/timehop/sticky-headers-recyclerview,2014-10-03T01:57:46Z,
CameraKit/blurkit-android,3745,311,https://github.com/CameraKit/blurkit-android,2016-11-06T03:14:58Z,
mcxtzhang/SwipeDelMenuLayout,3744,640,https://github.com/mcxtzhang/SwipeDelMenuLayout,2016-08-25T08:10:45Z,
googlesamples/mlkit,3739,2975,https://github.com/googlesamples/mlkit,2020-05-28T21:40:38Z,
willowtreeapps/spruce-android,3720,366,https://github.com/willowtreeapps/spruce-android,2017-02-23T20:34:18Z,
kubernetes-client/java,3714,1971,https://github.com/kubernetes-client/java,2017-05-08T21:52:58Z,
uber/NullAway,3713,301,https://github.com/uber/NullAway,2017-09-01T17:35:57Z,
MovingBlocks/Terasology,3713,1344,https://github.com/MovingBlocks/Terasology,2011-03-04T03:49:19Z,
Atmosphere/atmosphere,3708,757,https://github.com/Atmosphere/atmosphere,2010-06-30T14:26:23Z,
yanzhenjie/NoHttp,3707,852,https://github.com/yanzhenjie/NoHttp,2015-07-29T06:11:12Z,
stfalcon-studio/ChatKit,3707,833,https://github.com/stfalcon-studio/ChatKit,2017-02-02T09:37:15Z,
ryanhoo/StylishMusicPlayer,3704,768,https://github.com/ryanhoo/StylishMusicPlayer,2016-09-13T14:38:32Z,
ethanhua/Skeleton,3697,456,https://github.com/ethanhua/Skeleton,2017-07-30T06:42:39Z,
ByteLegend/ByteLegend,3695,144,https://github.com/ByteLegend/ByteLegend,2021-02-01T10:11:30Z,
yangfuhai/ASimpleCache,3684,1241,https://github.com/yangfuhai/ASimpleCache,2013-07-28T13:50:59Z,
zhpanvip/BannerViewPager,3684,447,https://github.com/zhpanvip/BannerViewPager,2017-03-28T09:11:11Z,
liuyubobobo/Play-with-Algorithms,3684,1464,https://github.com/liuyubobobo/Play-with-Algorithms,2016-07-05T18:16:22Z,
apache/kylin,3684,1530,https://github.com/apache/kylin,2015-01-03T08:00:05Z,
torakiki/pdfsam,3678,358,https://github.com/torakiki/pdfsam,2013-09-24T11:06:13Z,
watabou/pixel-dungeon,3669,1220,https://github.com/watabou/pixel-dungeon,2014-07-26T17:34:32Z,
shopizer-ecommerce/shopizer,3668,3079,https://github.com/shopizer-ecommerce/shopizer,2012-11-21T03:42:39Z,
google/rejoiner,3667,139,https://github.com/google/rejoiner,2017-12-06T19:09:53Z,
google/bundletool,3667,394,https://github.com/google/bundletool,2018-05-04T07:24:09Z,
sofastack/sofa-jraft,3666,1164,https://github.com/sofastack/sofa-jraft,2019-03-04T10:13:43Z,
lisawray/groupie,3666,295,https://github.com/lisawray/groupie,2016-09-01T20:59:35Z,
linkedin/databus,3659,738,https://github.com/linkedin/databus,2012-12-17T17:49:17Z,
KunMinX/Linkage-RecyclerView,3653,462,https://github.com/KunMinX/Linkage-RecyclerView,2019-04-22T04:39:46Z,
litesuits/android-common,3647,1087,https://github.com/litesuits/android-common,2014-05-29T08:08:00Z,
JFormDesigner/FlatLaf,3642,286,https://github.com/JFormDesigner/FlatLaf,2019-08-19T10:27:05Z,
networknt/light-4j,3637,636,https://github.com/networknt/light-4j,2016-09-09T22:28:14Z,
RoaringBitmap/RoaringBitmap,3637,566,https://github.com/RoaringBitmap/RoaringBitmap,2013-06-17T20:29:23Z,
JCTools/JCTools,3633,570,https://github.com/JCTools/JCTools,2013-11-10T18:04:40Z,
PlexPt/chatgpt-java,3632,713,https://github.com/PlexPt/chatgpt-java,2022-12-07T04:55:33Z,
undertow-io/undertow,3629,1012,https://github.com/undertow-io/undertow,2012-07-19T00:52:44Z,
apache/incubator-heron,3629,593,https://github.com/apache/incubator-heron,2015-09-25T16:09:24Z,
dingjikerbo/Android-BluetoothKit,3627,747,https://github.com/dingjikerbo/Android-BluetoothKit,2015-10-08T09:07:33Z,
Dimezis/BlurView,3625,348,https://github.com/Dimezis/BlurView,2016-04-21T16:00:07Z,
jtablesaw/tablesaw,3611,648,https://github.com/jtablesaw/tablesaw,2016-01-01T14:58:28Z,
rockerhieu/emojicon,3610,817,https://github.com/rockerhieu/emojicon,2014-01-18T12:32:38Z,
helidon-io/helidon,3603,568,https://github.com/helidon-io/helidon,2018-08-27T11:03:52Z,
spotbugs/spotbugs,3601,612,https://github.com/spotbugs/spotbugs,2016-11-04T22:18:08Z,
fesh0r/fernflower,3598,676,https://github.com/fesh0r/fernflower,2014-10-03T05:00:15Z,
tyrantgit/ExplosionField,3596,575,https://github.com/tyrantgit/ExplosionField,2015-09-23T11:34:50Z,
iterate-ch/cyberduck,3596,301,https://github.com/iterate-ch/cyberduck,2017-01-20T14:16:34Z,
alibaba/Alink,3596,801,https://github.com/alibaba/Alink,2018-09-30T06:36:11Z,
grpc-ecosystem/grpc-spring,3593,848,https://github.com/grpc-ecosystem/grpc-spring,2016-12-30T09:06:15Z,
dongjunkun/DropDownMenu,3591,786,https://github.com/dongjunkun/DropDownMenu,2015-06-23T07:43:56Z,
huburt-Hu/NewbieGuide,3588,522,https://github.com/huburt-Hu/NewbieGuide,2017-07-28T06:54:05Z,
kikoso/android-stackblur,3582,646,https://github.com/kikoso/android-stackblur,2013-08-15T14:44:32Z,
coderbruis/JavaSourceCodeLearning,3578,598,https://github.com/coderbruis/JavaSourceCodeLearning,2020-06-02T13:34:20Z,
dtinit/data-transfer-project,3577,481,https://github.com/dtinit/data-transfer-project,2018-01-04T21:27:57Z,
spockframework/spock,3576,471,https://github.com/spockframework/spock,2010-12-12T19:02:34Z,
lihangleo2/ShadowLayout,3568,407,https://github.com/lihangleo2/ShadowLayout,2019-07-09T07:17:06Z,
googlemaps/android-maps-utils,3568,1536,https://github.com/googlemaps/android-maps-utils,2013-05-17T00:08:48Z,
davideas/FlexibleAdapter,3566,554,https://github.com/davideas/FlexibleAdapter,2015-05-02T22:00:43Z,
JakeWharton/ThreeTenABP,3564,134,https://github.com/JakeWharton/ThreeTenABP,2015-07-03T17:35:09Z,
FasterXML/jackson-databind,3564,1406,https://github.com/FasterXML/jackson-databind,2011-12-23T07:17:41Z,
WVector/AppUpdate,3560,745,https://github.com/WVector/AppUpdate,2017-06-19T09:38:42Z,
vert-x3/vertx-examples,3560,2084,https://github.com/vert-x3/vertx-examples,2015-02-24T17:42:44Z,
code4craft/netty-learning,3554,1191,https://github.com/code4craft/netty-learning,2013-09-19T02:24:25Z,
dropbox/hackpad,3551,527,https://github.com/dropbox/hackpad,2015-08-14T02:32:17Z,
johncarl81/parceler,3549,272,https://github.com/johncarl81/parceler,2013-07-03T02:53:01Z,
bilibili/MagicaSakura,3549,465,https://github.com/bilibili/MagicaSakura,2016-06-23T07:54:59Z,
karma9874/AndroRAT,3545,1094,https://github.com/karma9874/AndroRAT,2020-03-22T09:31:28Z,
hmkcode/Android,3545,3409,https://github.com/hmkcode/Android,2013-09-02T16:12:28Z,
arimorty/floatingsearchview,3540,667,https://github.com/arimorty/floatingsearchview,2015-11-22T02:38:32Z,
luontola/retrolambda,3539,225,https://github.com/luontola/retrolambda,2013-07-20T07:25:22Z,
rbmonster/learning-note,3537,658,https://github.com/rbmonster/learning-note,2020-06-15T16:47:25Z,
Querz/mcaselector,3537,184,https://github.com/Querz/mcaselector,2018-04-22T22:23:26Z,
camunda/camunda,3528,643,https://github.com/camunda/camunda,2016-03-20T03:38:04Z,
microservices-patterns/ftgo-application,3526,1360,https://github.com/microservices-patterns/ftgo-application,2017-10-23T04:30:04Z,
nytimes/Store,3522,305,https://github.com/nytimes/Store,2016-11-29T20:17:11Z,
spring-io/initializr,3521,1753,https://github.com/spring-io/initializr,2013-06-07T16:02:22Z,
lsjwzh/RecyclerViewPager,3520,665,https://github.com/lsjwzh/RecyclerViewPager,2015-01-17T18:30:34Z,
andremion/Music-Player,3517,700,https://github.com/andremion/Music-Player,2016-05-06T21:55:37Z,
Mojang/brigadier,3515,401,https://github.com/Mojang/brigadier,2014-09-15T08:48:24Z,
yacy/yacy_search_server,3513,447,https://github.com/yacy/yacy_search_server,2015-03-22T12:54:20Z,
baoyongzhang/SwipeMenuListView,3507,1259,https://github.com/baoyongzhang/SwipeMenuListView,2014-08-24T15:40:45Z,
tchiotludo/akhq,3505,681,https://github.com/tchiotludo/akhq,2018-09-09T19:35:39Z,
M66B/FairEmail,3504,654,https://github.com/M66B/FairEmail,2018-08-02T13:30:25Z,
codeestX/GeekNews,3503,822,https://github.com/codeestX/GeekNews,2016-08-07T14:56:56Z,
fyhertz/libstreaming,3500,1079,https://github.com/fyhertz/libstreaming,2013-01-30T21:24:47Z,
jishenghua/jshERP,3498,1242,https://github.com/jishenghua/jshERP,2016-09-20T04:51:39Z,
anggrayudi/android-hidden-api,3492,646,https://github.com/anggrayudi/android-hidden-api,2015-09-16T11:58:33Z,
KingJA/LoadSir,3491,505,https://github.com/KingJA/LoadSir,2017-09-02T08:32:15Z,
spring-cloud/spring-cloud-kubernetes,3486,1042,https://github.com/spring-cloud/spring-cloud-kubernetes,2016-12-13T21:36:25Z,
dariuszseweryn/RxAndroidBle,3483,589,https://github.com/dariuszseweryn/RxAndroidBle,2016-02-04T13:42:02Z,
fabric8io/kubernetes-client,3483,1475,https://github.com/fabric8io/kubernetes-client,2015-07-09T15:43:13Z,
lenve/JavaEETest,3481,2810,https://github.com/lenve/JavaEETest,2016-12-13T02:13:58Z,
ittianyu/BottomNavigationViewEx,3475,557,https://github.com/ittianyu/BottomNavigationViewEx,2016-11-12T08:39:38Z,
javahuang/SurveyKing,3474,517,https://github.com/javahuang/SurveyKing,2021-09-06T13:34:14Z,
mbechler/marshalsec,3472,682,https://github.com/mbechler/marshalsec,2017-05-22T11:43:57Z,
immutables/immutables,3472,280,https://github.com/immutables/immutables,2013-07-07T13:48:23Z,
rubensousa/PreviewSeekBar,3468,426,https://github.com/rubensousa/PreviewSeekBar,2017-01-24T23:52:44Z,
gh0stkey/HaE,3466,258,https://github.com/gh0stkey/HaE,2020-03-24T10:12:50Z,
ferredoxin/QNotified,3445,330,https://github.com/ferredoxin/QNotified,2019-03-24T05:12:41Z,
crossoverJie/SSM,3443,1335,https://github.com/crossoverJie/SSM,2016-06-21T10:09:02Z,
apache/logging-log4j2,3442,1648,https://github.com/apache/logging-log4j2,2013-06-12T07:00:19Z,
IrisShaders/Iris,3439,659,https://github.com/IrisShaders/Iris,2020-10-22T20:21:12Z,
phodal/migration,3439,566,https://github.com/phodal/migration,2020-01-08T02:11:38Z,
alamkanak/Android-Week-View,3436,1226,https://github.com/alamkanak/Android-Week-View,2014-09-17T10:07:12Z,
xcc3641/SeeWeather,3434,722,https://github.com/xcc3641/SeeWeather,2016-02-20T13:10:14Z,
sherxon/AlgoDS,3433,608,https://github.com/sherxon/AlgoDS,2016-12-16T17:01:22Z,
guolindev/giffun,3433,685,https://github.com/guolindev/giffun,2019-01-28T05:11:00Z,
LinShunKang/MyPerf4J,3429,546,https://github.com/LinShunKang/MyPerf4J,2018-03-11T09:58:44Z,
OpenHFT/Chronicle-Queue,3424,540,https://github.com/OpenHFT/Chronicle-Queue,2013-06-02T15:11:33Z,
cSploit/android,3421,1116,https://github.com/cSploit/android,2014-10-04T05:53:29Z,
Netflix/maestro,3419,208,https://github.com/Netflix/maestro,2024-04-17T01:15:56Z,
openhab/openhab1-addons,3418,1679,https://github.com/openhab/openhab1-addons,2013-09-20T20:28:43Z,
AsamK/signal-cli,3413,314,https://github.com/AsamK/signal-cli,2015-05-11T10:49:42Z,
Grt1228/chatgpt-java,3411,819,https://github.com/Grt1228/chatgpt-java,2023-02-11T08:54:54Z,
GitLqr/LQRWeChat,3409,1069,https://github.com/GitLqr/LQRWeChat,2017-02-07T06:32:40Z,
woxingxiao/BubbleSeekBar,3401,519,https://github.com/woxingxiao/BubbleSeekBar,2016-11-03T14:31:05Z,
AxonFramework/AxonFramework,3399,798,https://github.com/AxonFramework/AxonFramework,2011-12-02T16:04:42Z,
yigit/android-priority-jobqueue,3394,393,https://github.com/yigit/android-priority-jobqueue,2014-06-20T00:12:45Z,
springdoc/springdoc-openapi,3390,517,https://github.com/springdoc/springdoc-openapi,2019-07-11T23:08:20Z,
google/volley,3388,754,https://github.com/google/volley,2017-01-24T17:39:33Z,
Red5/red5-server,3385,1005,https://github.com/Red5/red5-server,2013-11-19T05:04:10Z,
blossom-editor/blossom,3383,286,https://github.com/blossom-editor/blossom,2023-08-07T03:02:17Z,
eclipse-openj9/openj9,3379,747,https://github.com/eclipse-openj9/openj9,2017-08-25T13:46:07Z,
kevinsawicki/http-request,3375,844,https://github.com/kevinsawicki/http-request,2011-10-21T19:54:58Z,
avast/android-butterknife-zelezny,3372,411,https://github.com/avast/android-butterknife-zelezny,2013-12-23T14:24:08Z,
uber/AutoDispose,3371,228,https://github.com/uber/AutoDispose,2016-12-22T18:46:11Z,
abel533/MyBatis-Spring-Boot,3368,1584,https://github.com/abel533/MyBatis-Spring-Boot,2015-12-19T09:57:22Z,
apache/incubator-kie-optaplanner,3363,958,https://github.com/apache/incubator-kie-optaplanner,2011-02-15T19:38:23Z,
HelloWorld521/Java,3359,1480,https://github.com/HelloWorld521/Java,2016-12-08T14:01:46Z,
DataLinkDC/dinky,3355,1217,https://github.com/DataLinkDC/dinky,2021-06-09T07:11:26Z,
WinterChenS/my-site,3354,1055,https://github.com/WinterChenS/my-site,2018-05-03T09:05:37Z,
TNG/ArchUnit,3350,307,https://github.com/TNG/ArchUnit,2017-04-21T08:39:20Z,
apache/linkis,3349,1162,https://github.com/apache/linkis,2019-07-23T06:41:51Z,
rom1v/sndcpy,3348,310,https://github.com/rom1v/sndcpy,2020-06-09T19:36:57Z,
cropsly/ffmpeg-android-java,3338,831,https://github.com/cropsly/ffmpeg-android-java,2014-09-11T10:12:09Z,
luojilab/DDComponentForAndroid,3332,570,https://github.com/luojilab/DDComponentForAndroid,2017-09-07T05:48:44Z,
aragozin/jvm-tools,3326,522,https://github.com/aragozin/jvm-tools,2012-04-28T09:28:32Z,
getActivity/Toaster,3326,411,https://github.com/getActivity/Toaster,2018-09-16T05:28:57Z,
iammert/ScalingLayout,3321,317,https://github.com/iammert/ScalingLayout,2017-10-01T12:28:34Z,
ivacf/archi,3320,494,https://github.com/ivacf/archi,2015-09-11T16:13:34Z,
uncle-novel/uncle-novel,3319,508,https://github.com/uncle-novel/uncle-novel,2018-12-11T12:15:30Z,
Netflix/concurrency-limits,3314,312,https://github.com/Netflix/concurrency-limits,2017-12-11T19:32:41Z,
ReChronoRain/HyperCeiler,3309,209,https://github.com/ReChronoRain/HyperCeiler,2023-10-27T17:17:42Z,
amitshekhariitbhu/PRDownloader,3308,540,https://github.com/amitshekhariitbhu/PRDownloader,2017-11-11T19:29:38Z,
chenBingX/SuperTextView,3308,398,https://github.com/chenBingX/SuperTextView,2017-04-17T11:32:41Z,
Creators-of-Create/Create,3303,986,https://github.com/Creators-of-Create/Create,2019-07-18T08:27:10Z,
